nombre_documento,link_pdf,enlace_youtube
ACTA-DE-COMPRARECENCIA-NUM.-0196-DE-FECHA-26-DE-OCTUBRE-2023 (1).pdf,https://drive.google.com/file/d/1TjMNsmNV23iM4SBNC0uhwU9DcDjOcfrO/view?usp=drivesdk,https://www.youtube.com/watch?v=Uqfq0Z9bO7o
ACTA-DE-COMPRARECENCIA-NUM.-0196-DE-FECHA-26-DE-OCTUBRE-2023.pdf,https://drive.google.com/file/d/1JXPaQkhI6OltVjVS7CxBOWxNA-v_dsd_/view?usp=drivesdk,https://www.youtube.com/watch?v=Uqfq0Z9bO7o
ACTA-DE-INSTALACION-NUM.-0209-DE-FECHA-27-DE-FEBRERO-2024.pdf,https://drive.google.com/file/d/1KIFBnDZG-1yNoz9-mMd_0RzSvPduxDSa/view?usp=drivesdk,https://www.youtube.com/watch?v=KAqfobYAomg
ACTA-DE-INSTALACION-NUM.-0209-DE-FECHA-27-DE-FEBRERO-2024.pdf,https://drive.google.com/file/d/1KIFBnDZG-1yNoz9-mMd_0RzSvPduxDSa/view?usp=drivesdk,https://www.youtube.com/watch?v=DY6PiQRzJv4
ACTA-NO.-011-DE-FECHA-14-OCTUBRE-2020.pdf,https://drive.google.com/file/d/1fmGW-dCwkFI6FUn41SN7B0HENSPCK8uc/view?usp=drivesdk,https://www.youtube.com/watch?v=U5xIiHuGnO8
ACTA-NO.002-DE-FECHA-20-DE-AGOSTO-2020.pdf,https://drive.google.com/file/d/1NvOig-j8oRwN_QCeVKIOyUMf5jl-brnu/view?usp=drivesdk,https://www.youtube.com/watch?v=YKpbdLDP2kk
ACTA-NO.003-DE-FECHA-26-AGOSTO-2020.pdf,https://drive.google.com/file/d/1XK_XggBvkCMn1JccxKEJiACn_ZQZ7Ifx/view?usp=drivesdk,https://www.youtube.com/watch?v=_KSNUeK93mc
ACTA-NO.004-DE-FECHA-01-SEPTIEMBRE-2020.pdf,https://drive.google.com/file/d/15pSDbQP1wTlG4gfoEL_ubRcwS-pFSW01/view?usp=drivesdk,https://www.youtube.com/watch?v=YnSFRXYfadE
ACTA-NO.005-DE-FECHA-03-DE-SEPTIEMBRE-DE-2020.pdf,https://drive.google.com/file/d/1x6pIdbIcBDzAilSMDb_IjzGvDMYNejaf/view?usp=drivesdk,https://www.youtube.com/watch?v=-WiH4Ha94UI
ACTA-NO.006-DE-FECHA-03-DE-SEPTIEMBRE-2020.pdf,https://drive.google.com/file/d/11_y2hCbv4ODbvxnmp7CfxBYxKSQOTqb3/view?usp=drivesdk,https://www.youtube.com/watch?v=-WiH4Ha94UI
ACTA-NO.0068-DE-FECHA-19-AGOSTO-DE-2021.pdf,https://drive.google.com/file/d/1v4y_4dGsSHwmn-2cnbamTtd1sRO_9e1O/view?usp=drivesdk,https://www.youtube.com/watch?v=2ZyH5FQzq0k
ACTA-NO.0069-DE-FECHA-24-AGOSTO-DE-2021.pdf,https://drive.google.com/file/d/1rg4nhF8db8U1ADpXaz1XchWUBQH41WuP/view?usp=drivesdk,https://www.youtube.com/watch?v=wsZCn1nm-i4
ACTA-NO.007-DE-FECHA-16-DE-SEPTIEMBRE-2020.pdf,https://drive.google.com/file/d/1Xn1la1rGcGW9aUciT31OZci6h5MfFuH8/view?usp=drivesdk,https://www.youtube.com/watch?v=nCJBYdrZliA
ACTA-NO.0070-DE-FECHA-26-AGOSTO-DE-2021.pdf,https://drive.google.com/file/d/15Rc1J0mjPRZ0fb8UzOMf3aXuOchA2OtP/view?usp=drivesdk,https://www.youtube.com/watch?v=9v7CY2Eq8Hs
ACTA-NO.0071-DE-FECHA-31-DE-AGOSTO-DE-2021.pdf,https://drive.google.com/file/d/1fdNrg_SgeAer_dDz6CbOcZ5BBibjOEwL/view?usp=drivesdk,https://www.youtube.com/watch?v=hZjBpgaGOsY
ACTA-NO.0072-DE-FECHA-02-SEPTIEMBRE-DE-2021.pdf,https://drive.google.com/file/d/1ccwilO2v3at470xZjTG_MLHeDGLuUifF/view?usp=drivesdk,https://www.youtube.com/watch?v=SX1ZtDGsALo
ACTA-NO.0073-DE-FECHA-14-SEPTIEMBRE-DE-2021.pdf,https://drive.google.com/file/d/1zLJGhzZUOcNd7pZkLyEAPxXxOKW9Htzq/view?usp=drivesdk,https://www.youtube.com/watch?v=kq8AEn3_Ob8
ACTA-NO.0074-DE-FECHA-21-DE-SEPTIEMBRE-2021.pdf,https://drive.google.com/file/d/12tVl6O1HrH9FzY21mnT9WzsseKQiXnwG/view?usp=drivesdk,https://www.youtube.com/watch?v=ls_EAry1M5w
ACTA-NO.008-DE-FECHA-23-SEPTIEMBRE-2020.pdf,https://drive.google.com/file/d/1eYDw-BMU36EvgM5gJUTUlBVR2aqnF17U/view?usp=drivesdk,https://www.youtube.com/watch?v=_zSZv8OJ1r8
ACTA-NO.009-DE-FECHA-30-SEPTIEMBRE-2020.pdf,https://drive.google.com/file/d/1UoBeV5xsR-RO9DxCBJV1U7KuhtPrrvA5/view?usp=drivesdk,https://www.youtube.com/watch?v=6CS5_cBFyB4
ACTA-NO.010-DE-FECHA-07-DE-OCTUBRE-DE-2020.pdf,https://drive.google.com/file/d/1f0SSVP9KfMyH8hc0anC28wx9J3MLp0IN/view?usp=drivesdk,https://www.youtube.com/watch?v=_gw9B-Jj9WY
ACTA-NO.012-DE-FECHA-21-OCTUBRE-2020.pdf,https://drive.google.com/file/d/1LoTO6aTp9ah74ewHu4FRwehnThuyl9Ut/view?usp=drivesdk,https://www.youtube.com/watch?v=eIpN4GOrfoc
ACTA-NO.013-DE-FECHA-28-DE-OCTUBRE-DE-2020.pdf,https://drive.google.com/file/d/1wdbM7TmCStcy5oGKBJlJPh0ONX0B52O4/view?usp=drivesdk,https://www.youtube.com/watch?v=aNXxq-duzdk
ACTA-NO.014-DE-FECHA-04-de-NOVIEMBRE-2020.pdf,https://drive.google.com/file/d/1B64_g9tbpy2MxDzXrLJ-U1YM7qYfMvFD/view?usp=drivesdk,https://www.youtube.com/watch?v=BpYcE2fIlck
ACTA-NO.016-DE-FECHA-DE-11-DE-NOVIEMBRE-DE-2020.pdf,https://drive.google.com/file/d/1_w99SAvbp5PQCOSwwuEzH6DoklE7W3iE/view?usp=drivesdk,https://www.youtube.com/watch?v=GzDruiryE6k
ACTA-NO.017-DE-FECHA-18-DE-NOVIEMBRE-2020.pdf,https://drive.google.com/file/d/110XCfNX8TD6aUfqCcKLGxyQPoUsdNGw7/view?usp=drivesdk,https://www.youtube.com/watch?v=hZ054QslYgU
ACTA-NO.018-DE-FECHA-25-DE-NOVIEMBRE-DE-2020.pdf,https://drive.google.com/file/d/1sP_p18mqkmF1WuB4TqyKY3DbhglWiFgR/view?usp=drivesdk,https://www.youtube.com/watch?v=BYObyvrHRsA
ACTA-NO.050-DE-FECHA-01-JUNIO-DE-2021.pdf,https://drive.google.com/file/d/1sf3bxsFvHAageuSVhRyX48vQHt-esbxZ/view?usp=drivesdk,https://www.youtube.com/watch?v=zZQnQ-IPHgU
ACTA-NO.051-DE-FECHA-08-JUNIO-DE-2021.pdf,https://drive.google.com/file/d/1dG196sTJ4FltuV8qkL04eNsnrlSa_ELU/view?usp=drivesdk,https://www.youtube.com/watch?v=S87g-PSeiSc
ACTA-NO.052-DE-FECHA-10-JUNIO-DE-2021.pdf,https://drive.google.com/file/d/1dUOrNDD-9jskokGt9bfvnB4fYg-aUtFM/view?usp=drivesdk,https://www.youtube.com/watch?v=QuzR5AMAQiU
ACTA-NO.054-DE-FECHA-16-JUNIO-DE-2021.pdf,https://drive.google.com/file/d/1pU14jOob_vw1Z7XrC9dxgsArm4uLzH8b/view?usp=drivesdk,https://www.youtube.com/watch?v=yDCWNBan_M8
ACTA-NO.058-DE-FECHA-08-JULIO-DE-2021.pdf,https://drive.google.com/file/d/1iTYuhXemBbRsESDiTDynS_6Kjr_S7kzC/view?usp=drivesdk,https://www.youtube.com/watch?v=u05dqpQYtl0
ACTA-NO.059-DE-FECHA-14-JULIO-DE-2021.pdf,https://drive.google.com/file/d/1cEcLJpgO5h4HfMozWJoP1HFozUOB0dbE/view?usp=drivesdk,https://www.youtube.com/watch?v=QRDKHGdN3kQ
ACTA-NO.060-DE-FECHA-14-JULIO-2021-EXTRAORDINARIA.pdf,https://drive.google.com/file/d/1KiH8DChaG6tJTBQtEFnmTLdJm3gJvS_V/view?usp=drivesdk,https://www.youtube.com/watch?v=QRDKHGdN3kQ
ACTA-NO.061-DE-FECHA-21-JULIO-DE-2021.pdf,https://drive.google.com/file/d/1T4vFu_vNT8Nb2A1pt-t-VmuG9mueO5no/view?usp=drivesdk,https://www.youtube.com/watch?v=Pkfw4loa-Ac
ACTA-NO.062-DE-FECHA-27-JULIO-DE-2021.pdf,https://drive.google.com/file/d/17Bee4ZuZFg5Ux32F__hMog5shoh_v3ea/view?usp=drivesdk,https://www.youtube.com/watch?v=DDInaFCFBWw
ACTA-NO.063-DE-FECHA-29-JULIO-DE-2021.pdf,https://drive.google.com/file/d/13TiAFUMYt3V08CIkyH9MJdMEVRXKw9Tv/view?usp=drivesdk,https://www.youtube.com/watch?v=Jk6E7zmgpb8
ACTA-NO.064-DE-FECHA-03-AGOSTO-DE-2021.pdf,https://drive.google.com/file/d/11gGw3rRxDhJtPuOuzWlT6_5ol71Luw6_/view?usp=drivesdk,https://www.youtube.com/watch?v=9nVpBLxNTfM
ACTA-NO.065-DE-FECHA-05-AGOSTO-DE-2021.pdf,https://drive.google.com/file/d/1eDOG8kQLqG0TD4tHmeyC9lMTzNE-0EQD/view?usp=drivesdk,https://www.youtube.com/watch?v=M8ZcohHFV38
ACTA-NO.066-DE-FECHA-10-AGOSTO-DE-2021-COMPARECENCIA.pdf,https://drive.google.com/file/d/13YL5yKLc4e-6uI2G4nU6Jcaff4yjHlXp/view?usp=drivesdk,https://www.youtube.com/watch?v=9kJVPNThWHA
ACTA-NUM.-0001-DE-FECHA-16-DE-AGOSTO-2024.pdf,https://drive.google.com/file/d/1MaG-oDSKQ_bN_tF9NRENTN61gdQoVUts/view?usp=drivesdk,https://www.youtube.com/watch?v=aV22eNNEQE4
ACTA-NUM.-0001-DE-FECHA-16-DE-AGOSTO-2024.pdf,https://drive.google.com/file/d/1MaG-oDSKQ_bN_tF9NRENTN61gdQoVUts/view?usp=drivesdk,https://www.youtube.com/watch?v=KCkUwdf2edA
ACTA-NUM.-00016-DE-FECHA-29-DE-OCTUBRE-2024.pdf,https://drive.google.com/file/d/133_lXiU7-5IQ-zzA5S7nVd6-F6SrFY43/view?usp=drivesdk,https://www.youtube.com/watch?v=KwhrGx8e-pQ
ACTA-NUM.-0002-DE-FECHA-20-DE-AGOSTO-2024.pdf,https://drive.google.com/file/d/1-NP3BShkNvwrv0Fbm7TYbc_N-MSDYDRW/view?usp=drivesdk,https://www.youtube.com/watch?v=qJ_GzneV80k
ACTA-NUM.-0003-DE-FECHA-28-DE-AGOSTO-2024.pdf,https://drive.google.com/file/d/1-36M91nrV75WSm-jKyk7WNs16_xoBite/view?usp=drivesdk,https://www.youtube.com/watch?v=KPj7Lx8otQw
ACTA-NUM.-0004-DE-FECHA-04-DE-SEPTIEMBRE-2024.pdf,https://drive.google.com/file/d/1mAlE5HbOZCs8fdd2FjP-ylJLRrix1SvO/view?usp=drivesdk,https://www.youtube.com/watch?v=XOAbh4l32p4
ACTA-NUM.-0004-DE-FECHA-04-DE-SEPTIEMBRE-2024.pdf,https://drive.google.com/file/d/1mAlE5HbOZCs8fdd2FjP-ylJLRrix1SvO/view?usp=drivesdk,https://www.youtube.com/watch?v=j-cpTp_F4p4
ACTA-NUM.-0005-DE-FECHA-4-DE-SEPTIEMBRE-2024-Ext.pdf,https://drive.google.com/file/d/1adxAIEogcHKsei4RKSMghJvw8YGr7hGi/view?usp=drivesdk,https://www.youtube.com/watch?v=XOAbh4l32p4
ACTA-NUM.-0005-DE-FECHA-4-DE-SEPTIEMBRE-2024-Ext.pdf,https://drive.google.com/file/d/1adxAIEogcHKsei4RKSMghJvw8YGr7hGi/view?usp=drivesdk,https://www.youtube.com/watch?v=j-cpTp_F4p4
ACTA-NUM.-0006-DE-FECHA-11-DE-SEPTIEMBRE-2024.pdf,https://drive.google.com/file/d/1uD-uB7rsYcqxjaStJvg2VW0auSOTYFXv/view?usp=drivesdk,https://www.youtube.com/watch?v=Pta32QNHuRQ
ACTA-NUM.-0007-DE-FECHA-18-DE-SEPTIEMBRE-2024.pdf,https://drive.google.com/file/d/1IW1D7s73hWWQxczyXd5l6C0AXJffrSOu/view?usp=drivesdk,https://www.youtube.com/watch?v=6qcTM-QLbjk
ACTA-NUM.-0008-DE-FECHA-25-DE-SEPTIEMBRE-2024.pdf,https://drive.google.com/file/d/1LGCPuinlG7M7V7Yb-lzsDS9NhwD0aJWd/view?usp=drivesdk,https://www.youtube.com/watch?v=o-M1ZwKQbko
ACTA-NUM.-0009-DE-FECHA-27-DE-SEPTIEMBRE-2024.pdf,https://drive.google.com/file/d/1wl4xL7r6OfWIVgFjZtY-KIpHV7ny4KJs/view?usp=drivesdk,https://www.youtube.com/watch?v=xjK7MNr6Z80
ACTA-NUM.-0010-DE-FECHA-27-DE-SEPTIEMBRE-2024-EXT.pdf,https://drive.google.com/file/d/1jlx4djaVMDuzo5RS1rcTDbrNDlgqD2fo/view?usp=drivesdk,https://www.youtube.com/watch?v=xjK7MNr6Z80
ACTA-NUM.-0011-DE-FECHA-02-DE-OCTUBRE-2024.pdf,https://drive.google.com/file/d/1D9DTCPp7k1Y3ITvUgFEFTn2XsCQeupGO/view?usp=drivesdk,https://www.youtube.com/watch?v=MKotdpoUGp8
ACTA-NUM.-0011-DE-FECHA-02-DE-OCTUBRE-2024.pdf,https://drive.google.com/file/d/1D9DTCPp7k1Y3ITvUgFEFTn2XsCQeupGO/view?usp=drivesdk,https://www.youtube.com/watch?v=H2iuSmV-ldM
ACTA-NUM.-0013-DE-FECHA-16-DE-OCTUBRE-2024.pdf,https://drive.google.com/file/d/1F0skkDrqjxfo4WuUe_Ybwlp1Kd4NJbKq/view?usp=drivesdk,https://www.youtube.com/watch?v=6WoDCeYYou4
ACTA-NUM.-0014-DE-FECHA-22-DE-OCTUBRE-2024.pdf,https://drive.google.com/file/d/1G8q2VFTf4Gg9034pD0QgQNI4vS2Uoyks/view?usp=drivesdk,https://www.youtube.com/watch?v=_MmiZr2xJ9c
ACTA-NUM.-0015-DE-FECHA-22-DE-OCTUBRE-2024-EXT.pdf,https://drive.google.com/file/d/17cZUf_AEO6WpSfo3bCwvdqHELtIBPSA9/view?usp=drivesdk,https://www.youtube.com/watch?v=_MmiZr2xJ9c
ACTA-NUM.-0017-DE-FECHA-06-DE-NOVIEMBRE-2024.pdf,https://drive.google.com/file/d/1PazbH1hiX69DReBWTog29efGUAUvGX4z/view?usp=drivesdk,https://www.youtube.com/watch?v=n2Eg5m9KXN0
ACTA-NUM.-0018-DE-FECHA-13-DE-NOVIEMBRE-2024.pdf,https://drive.google.com/file/d/1S_LhH57EXC-N4kpb8TNVafjCMErhEAyC/view?usp=drivesdk,https://www.youtube.com/watch?v=ZT-cc5W3dY0
ACTA-NUM.-0018-DE-FECHA-13-DE-NOVIEMBRE-2024.pdf,https://drive.google.com/file/d/1S_LhH57EXC-N4kpb8TNVafjCMErhEAyC/view?usp=drivesdk,https://www.youtube.com/watch?v=_5UJTi2TSFE
ACTA-NUM.-0019-DE-FECHA-13-DE-NOVIEMBRE-2024-EXT.pdf,https://drive.google.com/file/d/1q8xcjtmpZxkk5-OK4u51zwrgHNhS9sqI/view?usp=drivesdk,https://www.youtube.com/watch?v=ZT-cc5W3dY0
ACTA-NUM.-0019-DE-FECHA-13-DE-NOVIEMBRE-2024-EXT.pdf,https://drive.google.com/file/d/1q8xcjtmpZxkk5-OK4u51zwrgHNhS9sqI/view?usp=drivesdk,https://www.youtube.com/watch?v=_5UJTi2TSFE
ACTA-NUM.-0020-DE-FECHA-19-DE-NOVIEMBRE-2024.pdf,https://drive.google.com/file/d/13AHWFk-NjfruBSY5nckfXs8jzbnA0NNA/view?usp=drivesdk,https://www.youtube.com/watch?v=HFxC_NB10ow
ACTA-NUM.-0021-DE-FECHA-27-DE-NOVIEMBRE-2024.pdf,https://drive.google.com/file/d/1octtwvHWzX_MNfiJEtobmPqlEV90KQ6Y/view?usp=drivesdk,https://www.youtube.com/watch?v=-zH2wBbaw60
ACTA-NUM.-0021-DE-FECHA-27-DE-NOVIEMBRE-2024.pdf,https://drive.google.com/file/d/1octtwvHWzX_MNfiJEtobmPqlEV90KQ6Y/view?usp=drivesdk,https://www.youtube.com/watch?v=2wMKbtcJQvU
ACTA-NUM.-0022-DE-FECHA-27-DE-NOVIEMBRE-2024-EXT.pdf,https://drive.google.com/file/d/1iYo0ouGrG9KaC0TKDmEJx-5uUO3AVBgT/view?usp=drivesdk,https://www.youtube.com/watch?v=-zH2wBbaw60
ACTA-NUM.-0022-DE-FECHA-27-DE-NOVIEMBRE-2024-EXT.pdf,https://drive.google.com/file/d/1iYo0ouGrG9KaC0TKDmEJx-5uUO3AVBgT/view?usp=drivesdk,https://www.youtube.com/watch?v=2wMKbtcJQvU
ACTA-NUM.-0023-DE-FECHA-03-DE-DICIEMBRE-2024.pdf,https://drive.google.com/file/d/1fFl9EUPzY1ZtuGzfbobLpTu7eXXJdQX8/view?usp=drivesdk,https://www.youtube.com/watch?v=yLQGNE-R0w8
ACTA-NUM.-0024-DE-FECHA-05-DE-DICIEMBRE-2024.pdf,https://drive.google.com/file/d/1Qum1TT6qnIpat6dkLSGTlQ9t5uPQ_OTz/view?usp=drivesdk,https://www.youtube.com/watch?v=Of1EPNRBtV0
ACTA-NUM.-0025-DE-FECHA-05-DE-DICIEMBRE-2024-EXT.pdf,https://drive.google.com/file/d/1qAvFiliN0zS2bB0kvc6LLKvswiruTPPE/view?usp=drivesdk,https://www.youtube.com/watch?v=Of1EPNRBtV0
ACTA-NUM.-0026-DE-FECHA-09-DE-DICIEMBRE-2024-EXT.pdf,https://drive.google.com/file/d/1EOhWTJ6q_tNUJcAkzOSCqXze9kQ72S0i/view?usp=drivesdk,https://www.youtube.com/watch?v=7o02ZLMr9eE
ACTA-NUM.-0027-DE-FECHA-11-DE-DICIEMBRE-DE-2024.pdf,https://drive.google.com/file/d/19_EgsYC4MNlBJNp83L6y5quhvt5ZsfZK/view?usp=drivesdk,https://www.youtube.com/watch?v=Wj5JXmFieRM
ACTA-NUM.-0037-DE-FECHA-18-DE-MARZO-DE-2025.pdf,https://drive.google.com/file/d/1j3fiaVhE3S04gdO6bsJbeAtzBQHMo1x6/view?usp=drivesdk,https://www.youtube.com/watch?v=lkFoj3LJ5U8
ACTA-NUM.-0038-DE-FECHA-20-DE-MARZO-2025.-Comision-General-INTRANT.pdf,https://drive.google.com/file/d/1zQHrC76U_Tu5No7kBSfRjo-JmaT9uWwr/view?usp=drivesdk,https://www.youtube.com/watch?v=kTmTSpql3FI
ACTA-NUM.-0038-DE-FECHA-20-DE-MARZO-2025.-Comision-General-INTRANT.pdf,https://drive.google.com/file/d/1zQHrC76U_Tu5No7kBSfRjo-JmaT9uWwr/view?usp=drivesdk,https://www.youtube.com/watch?v=kApvtU2L2iY
ACTA-NUM.-0039-DE-FECHA-25-DE-MARZO-2025.pdf,https://drive.google.com/file/d/1-ngKMDDbAx_WERgNSvN8fgDC9s4W7iNV/view?usp=drivesdk,https://www.youtube.com/watch?v=IF8SME4DoF8
ACTA-NUM.-0040-DE-FECHA-27-DE-MARZO-2025.-Comision-General-JCE.pdf,https://drive.google.com/file/d/1GnegWCcPYYCpKhGxYA66Odb_1FA178hx/view?usp=drivesdk,https://www.youtube.com/watch?v=9Fkd-TC1k34
ACTA-NUM.-0041-DE-FECHA-01-DE-ABRIL-2025.pdf,https://drive.google.com/file/d/1V2q5JQMRbYSfOgNVumhNyWOFBrbtU_hX/view?usp=drivesdk,https://www.youtube.com/watch?v=tw3xwrQPe3o
ACTA-NUM.-0042-DE-FECHA-22-DE-ABRIL-2025.pdf,https://drive.google.com/file/d/1t1EFTqWWHJeobjCO_kxt5i8ZwB567wSf/view?usp=drivesdk,https://www.youtube.com/watch?v=dy2CYhpMjBo
ACTA-NUM.-0043-DE-FECHA-29-DE-ABRIL-2025.pdf,https://drive.google.com/file/d/1IVvyPKRmWbhu9gc0QuLYgYcx1_Ju7QZl/view?usp=drivesdk,https://www.youtube.com/watch?v=jme7qajMksM
ACTA-NUM.-0044-DE-FECHA-02-DE-MAYO-2025-Espaillat.pdf,https://drive.google.com/file/d/1fnWfgtKSn-9jM0vXG8tau8yIEt48o0Nw/view?usp=drivesdk,https://www.youtube.com/watch?v=u8AzE_tdM8E
ACTA-NUM.-0045-DE-FECHA-06-DE-MAYO-DE-2025.pdf,https://drive.google.com/file/d/1KTjSvzfloNZe4h7TE8sRDhLWk5Ni3wxh/view?usp=drivesdk,https://www.youtube.com/watch?v=M7eb9Gd2NmE
ACTA-NUM.-0046-DE-FECHA-13-DE-MAYO-2025.pdf,https://drive.google.com/file/d/15xaEihZc8Gz-BbADezJUnwdgQxpr93nn/view?usp=drivesdk,https://www.youtube.com/watch?v=H_E6W7Jw17o
ACTA-NUM.-0047-DE-FECHA-20-DE-MAYO-2025.pdf,https://drive.google.com/file/d/1kIeJ9XY1SPFRfXKvUsR5LUuD-ZsleSqc/view?usp=drivesdk,https://www.youtube.com/watch?v=DoWnO1pZbXU
ACTA-NUM.-0048-DE-FECHA-22-DE-MAYO-2025.pdf,https://drive.google.com/file/d/1-fc67akSAyZMdxDoyjHY118BPgLzauab/view?usp=drivesdk,https://www.youtube.com/watch?v=7kOmTPfJTqA
ACTA-NUM.-0049-DE-FECHA-22-DE-MAYO-2025-Ext.pdf,https://drive.google.com/file/d/1KYF9WoJd1vr_7NeierjVO2QLCoxqeN8H/view?usp=drivesdk,https://www.youtube.com/watch?v=7kOmTPfJTqA
ACTA-NUM.-0050-DE-FECHA-27-DE-MAYO-2025.pdf,https://drive.google.com/file/d/1kB0EodsWUCU2fkpkMh-SHaPytqzZnYez/view?usp=drivesdk,https://www.youtube.com/watch?v=2ZtuwkPG_H8
ACTA-NUM.-0051-DE-FECHA-03-DE-JUNIO-2025.pdf,https://drive.google.com/file/d/12iAqSsWlUFnMKJlcTJjMATEqrd2xEuqD/view?usp=drivesdk,https://www.youtube.com/watch?v=dg7tCcaA13Q
ACTA-NUM.-0052-DE-FECHA-05-DE-JUNIO-2025.pdf,https://drive.google.com/file/d/1dCbN5bvMstq-wVdp_oRU5_VVRkCC5UJZ/view?usp=drivesdk,https://www.youtube.com/watch?v=7j-niF5uYbs
ACTA-NUM.-0053-DE-FECHA-10-DE-JUNIO-2025.pdf,https://drive.google.com/file/d/1PLUdWxOiStr-Smyz0YE6-O_12wa-mEPA/view?usp=drivesdk,https://www.youtube.com/watch?v=Oi9R14VrPN0
ACTA-NUM.-0054-DE-FECHA-12-DE-JUNIO-2025.pdf,https://drive.google.com/file/d/1DOqAFxLLh62HInXnnKIIeE5y9VY-19Cl/view?usp=drivesdk,https://www.youtube.com/watch?v=vWhd2OtoRT0
ACTA-NUM.-0055-DE-FECHA-17-DE-JUNIO-2025.pdf,https://drive.google.com/file/d/1C3JNALLv4xPjQYl9l5xY63bie-KYdQGF/view?usp=drivesdk,https://www.youtube.com/watch?v=pxKybiaJnvU
ACTA-NUM.-0056-DE-FECHA-24-DE-JUNIO-DE-2025.pdf,https://drive.google.com/file/d/1drXA7itUDHZbl2hddiRYA5guRa72sxi9/view?usp=drivesdk,https://www.youtube.com/watch?v=bRXte2qycd8
ACTA-NUM.-0057-DE-FECHA-01-DE-JULIO-2025.pdf,https://drive.google.com/file/d/10glQzGvijPOHYAzfhAQFrh_Yu1ExKBY0/view?usp=drivesdk,https://www.youtube.com/watch?v=hc_RmGphYbI
ACTA-NUM.-0058-DE-FECHA-08-DE-JULIO-2025.pdf,https://drive.google.com/file/d/1bO8fPRhYGZR2cdFPiEL7ZxzxeMbrF4oS/view?usp=drivesdk,https://www.youtube.com/watch?v=nSVtEfLpgPg
ACTA-NUM.-0059-DE-FECHA-10-DE-JULIO-2025.pdf,https://drive.google.com/file/d/1qowlFTR2QoRq--QThlk7Iipsm5xPhIJQ/view?usp=drivesdk,https://www.youtube.com/watch?v=zhrgIdWZmQU
ACTA-NUM.-0060-DE-FECHA-15-DE-JULIO-2025.pdf,https://drive.google.com/file/d/1hAP0xBfBAU3812_b6KUlIzEWihjwv0cT/view?usp=drivesdk,https://www.youtube.com/watch?v=PBokQcEuGeQ
ACTA-NUM.-0061-DE-FECHA-17-DE-JULIO-2025.pdf,https://drive.google.com/file/d/1p9ZQRcg1yVeqag47DTfyl9Xa4OPnPNYT/view?usp=drivesdk,https://www.youtube.com/watch?v=jMm1BXj3leU
ACTA-NUM.-0062-DE-FECHA-18-DE-JULIO-2025.pdf,https://drive.google.com/file/d/1FuTx8biWBcxpV3iZpzECLFiZq4BONwb2/view?usp=drivesdk,https://www.youtube.com/watch?v=f-m6gYwE_L0
ACTA-NUM.-0063-DE-FECHA-21-DE-JULIO-2025.pdf,https://drive.google.com/file/d/1mhDatUtEAJNYfI3E6JGmFb2yyYT4kCmv/view?usp=drivesdk,https://www.youtube.com/watch?v=WqK1Lo2sO3Q
ACTA-NUM.-0064-DE-FECHA-22-DE-JULIO-2025.pdf,https://drive.google.com/file/d/18mkyUCMtmpOF1U_ubVNE34x4kdiJaKBo/view?usp=drivesdk,https://www.youtube.com/watch?v=RFP2rm0GEKM
ACTA-NUM.-0075-DE-FECHA-28-DE-SEPTIEMBRE-DE-2021.pdf,https://drive.google.com/file/d/1VwkdkszwLNdb0QUlcj4nuEEpv3f4x8X9/view?usp=drivesdk,https://www.youtube.com/watch?v=K_W9yysZVHo
ACTA-NUM.-0076-DE-FECHA-05-DE-OCTUBRE-DE-2021.pdf,https://drive.google.com/file/d/16soz6zQQLyUId8cUd7FZPSUdqBnTw05G/view?usp=drivesdk,https://www.youtube.com/watch?v=ioptENa2poo
ACTA-NUM.-0077-DE-FECHA-14-DE-OCTUBRE-DE-2021-COMPARECENCIA.pdf,https://drive.google.com/file/d/11MUPefqBVKRfZTWTukAYa162M6cQYgbj/view?usp=drivesdk,https://www.youtube.com/watch?v=LpLi2kuSYmo
ACTA-NUM.-0079-DE-FECHA-20-DE-OCTUBRE-DE-2021.pdf,https://drive.google.com/file/d/1iJ3Hxzl90IJDafVN6DdPnEumBKJc443u/view?usp=drivesdk,https://www.youtube.com/watch?v=geUAEfQAi3o
ACTA-NUM.-0080-DE-FECHA-26-DE-OCTUBRE-DE-2021.pdf,https://drive.google.com/file/d/1c1-aXZzGogWKIsBQDm9PjONVjTFqVUGQ/view?usp=drivesdk,https://www.youtube.com/watch?v=bPcFvZjyl7k
ACTA-NUM.-0081-DE-FECHA-02-DE-NOVIEMBRE-2021.pdf,https://drive.google.com/file/d/1TrpYFnO-cS5_Kkj4sD5WSMOVYx3sI_by/view?usp=drivesdk,https://www.youtube.com/watch?v=evTiKMkjvhA
ACTA-NUM.-0082-DE-FECHA-06-DE-NOVIEMBRE-2021.pdf,https://drive.google.com/file/d/1N9PJTfmSa_c3KHpMYG3WGqLsMLkrOiTI/view?usp=drivesdk,https://www.youtube.com/watch?v=I5TYQMCPKjE
ACTA-NUM.-0083-DE-FECHA-09-DE-NOVIEMBRE-2021.pdf,https://drive.google.com/file/d/1EAGbHbz-40Prrl9fEu5XK2vVNwh7oF_d/view?usp=drivesdk,https://www.youtube.com/watch?v=yH0IcoeVC-s
ACTA-NUM.-0084-DE-FECHA-16-DE-NOVIEMBE-DE-2021.pdf,https://drive.google.com/file/d/1b9wtYek35aW3Tb0ODmebfnIi5sZE6Afu/view?usp=drivesdk,url_youtube
ACTA-NUM.-0085-DE-FECHA-18-DE-NOVIEMBRE-2021.pdf,https://drive.google.com/file/d/1uSf1Q6IYZ_0jhYeUvdv7xpE0XnSIFckU/view?usp=drivesdk,https://www.youtube.com/watch?v=5yYk1Cb-J_k
ACTA-NUM.-0086-DE-FECHA-23-DE-NOVIEMBRE-DE-2021.pdf,https://drive.google.com/file/d/155psIyCzOguwgtOODMHzoghyUieT5hAj/view?usp=drivesdk,https://www.youtube.com/watch?v=TlfWvvpylY4
ACTA-NUM.-0087-DE-FECHA-25-DE-NOVIEMBRE-2021.pdf,https://drive.google.com/file/d/1mejC1QKdNgEvZLJygmS3EotoeJmAFbn7/view?usp=drivesdk,https://www.youtube.com/watch?v=4mpJ2iUd7YU
ACTA-NUM.-0088-DE-FECHA-30-DE-NOVIEMBRE-DE-2021.pdf,https://drive.google.com/file/d/1JBwKOtMQx4Jd7h8gd613N4PxA12kMY9m/view?usp=drivesdk,https://www.youtube.com/watch?v=fMdWo2m7gSU
ACTA-NUM.-0089-DE-FECHA-02-DE-DICIEMBRE-2021.pdf,https://drive.google.com/file/d/1UYI7_5AMGklsr-v37-OFl1KLyy5p-qGA/view?usp=drivesdk,https://www.youtube.com/watch?v=a5u0zXssZjw
ACTA-NUM.-0090-DE-FECHA-02-DE-DICIEMBRE-2021-EXTRAORDINARIA.pdf,https://drive.google.com/file/d/1SEKcXU0JPVfrmhGsioHNpkBpAfK5VBxj/view?usp=drivesdk,https://www.youtube.com/watch?v=a5u0zXssZjw
ACTA-NUM.-0091-DE-FECHA-07-DE-DICIEMBRE-DE-2021.pdf,https://drive.google.com/file/d/1-r4ZJy54r0bc9z5YEfWYGQ08FvEpqSmJ/view?usp=drivesdk,https://www.youtube.com/watch?v=cdMfrzHcVsg
ACTA-NUM.-0092-DE-FECHA-09-DE-DICIEMBRE-2021.pdf,https://drive.google.com/file/d/1CeXRP8t8Sksq82ex4HsEGnLCEsVG75w_/view?usp=drivesdk,https://www.youtube.com/watch?v=if-yQRvTAKs
ACTA-NUM.-0093-DE-FECHA-13-DE-DICIEMBRE-DE-2021.pdf,https://drive.google.com/file/d/19MUgXnwD4sAwBvs9z1jmxkBqDlSwcFcU/view?usp=drivesdk,https://www.youtube.com/watch?v=w--HUEziy-M
ACTA-NUM.-0094-DE-FECHA-13-DE-DICIEMBRE-2021-EXTRAORDINARIA.pdf,https://drive.google.com/file/d/1YesdsY4hrgFRf69Ik5OSw9AWQ83u1w_6/view?usp=drivesdk,https://www.youtube.com/watch?v=w--HUEziy-M
ACTA-NUM.-0095-DE-FECHA-15-DE-DICIEMBRE-2021.pdf,https://drive.google.com/file/d/1_mDxCYk9JvLNnQ2JydJWyMeQh5Yh6Isu/view?usp=drivesdk,https://www.youtube.com/watch?v=CMYbqpLUPGk
ACTA-NUM.-0096-DE-FECHA-15-DE-DICIEMBRE-2021-EXTRAORDINARIA (1).pdf,https://drive.google.com/file/d/1xRzx5gvLpfhwhOig49UHRo4dLt1tZMWZ/view?usp=drivesdk,https://www.youtube.com/watch?v=CMYbqpLUPGk
ACTA-NUM.-0096-DE-FECHA-15-DE-DICIEMBRE-2021-EXTRAORDINARIA.pdf,https://drive.google.com/file/d/1yhkXfGjchd800psbq7-uelH3AVx49yfD/view?usp=drivesdk,https://www.youtube.com/watch?v=CMYbqpLUPGk
ACTA-NUM.-0097-DE-FECHA-05-DE-ENERO-20222.pdf,https://drive.google.com/file/d/1domsi0d3BkZNu2klL4Vpg3f-9BCABCr2/view?usp=drivesdk,https://www.youtube.com/watch?v=HjhaxEdmdPA
ACTA-NUM.-0098-DE-FECHA-11-DE-ENERO-2022.pdf,https://drive.google.com/file/d/1893sIf9bMQVIEyJ2ICC80krc4Mkld0si/view?usp=drivesdk,https://www.youtube.com/watch?v=qZbIVb-S-_0
ACTA-NUM.-0099-DE-FECHA-12-DE-ENERO-2022.pdf,https://drive.google.com/file/d/1nXg9mHMtbt87WvOs9j1D-pOMV5f1dXgQ/view?usp=drivesdk,https://www.youtube.com/watch?v=DFlNLPJ50Yc
ACTA-NUM.-0101-DE-FECHA-02-DE-MARZO-2022.pdf,https://drive.google.com/file/d/1O899rS8a9DCfNcgX42szCAozCpS-QnKX/view?usp=drivesdk,https://www.youtube.com/watch?v=-ouCJGNbHKs
ACTA-NUM.-0102-DE-FECHA-09-DE-MARZO-2022.pdf,https://drive.google.com/file/d/1Eag0byCsuAVeODBH7aq8fK4JJ9Cr12Xa/view?usp=drivesdk,https://www.youtube.com/watch?v=PxdNPq5gI8U
ACTA-NUM.-0103-DE-FECHA-16-DE-MARZO-DE-2022-COMPARECENCIA.pdf,https://drive.google.com/file/d/1aylK-8ET3Gt84vBCUP_tipyh-Ho5Qdh7/view?usp=drivesdk,https://www.youtube.com/watch?v=HfOPGHd2gmQ
ACTA-NUM.-0104-DE-FECHA-24-DE-MARZO-2022.pdf,https://drive.google.com/file/d/1qJLonchAXUsmmPpptTpYwC12XoipNtZ8/view?usp=drivesdk,https://www.youtube.com/watch?v=_K7TGX11sEI
ACTA-NUM.-0105-DE-FECHA-31-DE-MARZO-2022.pdf,https://drive.google.com/file/d/1RxZ4jS2Lai5VdPMkhC39uRBaQGW8Trt4/view?usp=drivesdk,https://www.youtube.com/watch?v=paTbxDF0Ga8
ACTA-NUM.-0106-DE-FECHA-06-DE-ABRIL-2022.pdf,https://drive.google.com/file/d/1lHH3q_LgdJ_Q_oZIE1NBSg14PBJdFrxc/view?usp=drivesdk,https://www.youtube.com/watch?v=GaSp2dnIqhs
ACTA-NUM.-0107-DE-FECHA-06-DE-MIERCOLES-2022-EXTRAORDINARIA.pdf,https://drive.google.com/file/d/1NCmvhILw3mZPEcRa_cekZmDkXVGJBHJ8/view?usp=drivesdk,url_youtube
ACTA-NUM.-0108-DE-FECHA-20-DE-ABRIL-2022.pdf,https://drive.google.com/file/d/1BJ1FWBOe9MBSjuj1jgp8WzVgfZmwcbnW/view?usp=drivesdk,https://www.youtube.com/watch?v=HmznNbYf24M
ACTA-NUM.-0109-DE-FECHA-26-DE-ABRIL-2022.pdf,https://drive.google.com/file/d/1456Kzxt-_XFSuVkIcCGIz7tGODkSvguX/view?usp=drivesdk,https://www.youtube.com/watch?v=HdEaIBXOVPQ
ACTA-NUM.-0110-DE-FECHA-04-DE-MAYO-2022.pdf,https://drive.google.com/file/d/1vU3JejW3uZCsRiwEIOWccdkV3VO8fWW4/view?usp=drivesdk,https://www.youtube.com/watch?v=dGg68RRxAMs
ACTA-NUM.-0111-DE-FECHA-10-DE-MAYO-2022.pdf,https://drive.google.com/file/d/1DtlPzazAHkGTsmgczEp1M-AhVmHE6h1K/view?usp=drivesdk,https://www.youtube.com/watch?v=glWBhdxgBiU
ACTA-NUM.-0112-DE-FECHA-17-DE-MAYO-2022.pdf,https://drive.google.com/file/d/1b5W_TXnyNY9pIWnuX_i-o7ZQVGkEKlcU/view?usp=drivesdk,https://www.youtube.com/watch?v=ZEjdeNcEuuE
ACTA-NUM.-0113-DE-FECHA-25-DE-MAYO-2022.pdf,https://drive.google.com/file/d/1hl9WguG3_u1atyXQRAiRCTVdpxdXN4LC/view?usp=drivesdk,https://www.youtube.com/watch?v=Ua3JN308bHc
ACTA-NUM.-0114-DE-FECHA-01-DE-JUNIO-2022.pdf,https://drive.google.com/file/d/1RJ716IxCHFjJu5wFxq3tI5QaNgQ-q8uT/view?usp=drivesdk,https://www.youtube.com/watch?v=WiR2omdqzuw
ACTA-NUM.-0115-DE-FECHA-14-DE-JUNIO-2022.pdf,https://drive.google.com/file/d/19CDULTvN2SXk4tQKCrAXG9wqUF1a9zJi/view?usp=drivesdk,https://www.youtube.com/watch?v=VzAYBi7ASg0
ACTA-NUM.-0116-DE-FECHA-14-DE-JUNIO-2022.pdf,https://drive.google.com/file/d/1o3npjUYJzxPyhAGCRgBrMsYvoNBeu6WW/view?usp=drivesdk,https://www.youtube.com/watch?v=VzAYBi7ASg0
ACTA-NUM.-0117-DE-FECHA-22-DE-JUNIO-2022.pdf,https://drive.google.com/file/d/1PbBRTAHWpHdOpQHFxtV0QS7QQCYG7eDX/view?usp=drivesdk,https://www.youtube.com/watch?v=IRDFg0ga0jk
ACTA-NUM.-0118-DE-FECHA-29-DE-JUNIO-2022.pdf,https://drive.google.com/file/d/17cwXqY2MDdI9th1mi84K2EnIFf-hnxdu/view?usp=drivesdk,https://www.youtube.com/watch?v=R-JNzG4NpsM
ACTA-NUM.-0119-DE-FECHA-06-DE-JULIO-2022.pdf,https://drive.google.com/file/d/1Bf0-mVYFYXZviWqycDlmGJnV1Pb9pja_/view?usp=drivesdk,https://www.youtube.com/watch?v=gMSuQ3jO4IQ
ACTA-NUM.-0120-DE-FECHA-12-DE-JULIO-2022.pdf,https://drive.google.com/file/d/1S__G9WFG-qagNiTQS5DViFOkthvTJAzc/view?usp=drivesdk,https://www.youtube.com/watch?v=Nt7Ejh3UBls
ACTA-NUM.-0121-DE-FECHA-14-DE-JULIO-2022.pdf,https://drive.google.com/file/d/1spglPGLegzXbL-bg10-52zLQfHygKBXe/view?usp=drivesdk,https://www.youtube.com/watch?v=jHKRObemNdc
ACTA-NUM.-0122-DE-FECHA-20-DE-JULIO-DE-2022.pdf,https://drive.google.com/file/d/18EMX9RtG_k6L8OSpk8pR5E8oqGztTwYA/view?usp=drivesdk,https://www.youtube.com/watch?v=1Sa20owVv7g
ACTA-NUM.-0123-DE-FECHA-20-DE-JULIO-2022-EXTRAORDINARIA.pdf,https://drive.google.com/file/d/1fgfdnvetR-PS7HZetrwGpa1qJ39q2hUd/view?usp=drivesdk,https://www.youtube.com/watch?v=1Sa20owVv7g
ACTA-NUM.-0124-DE-FECHA-25-DE-JULIO-2022.pdf,https://drive.google.com/file/d/1MlJtyaOHtf5dzJAUSYNIJDI1_rfGztiX/view?usp=drivesdk,https://www.youtube.com/watch?v=yeuL7ei9cYk
ACTA-NUM.-0125-DE-FECHA-25-DE-JULIO-2022-EXTRAORDINARIA.pdf,https://drive.google.com/file/d/1tda835N8st9zitfep_LNxcFoGvsM0dkL/view?usp=drivesdk,https://www.youtube.com/watch?v=yeuL7ei9cYk
ACTA-NUM.-0126-DE-FECHA-26-DE-JULIO-2022.pdf,https://drive.google.com/file/d/1M9KHcC8NYf7krOjzIka1JckWkRE8eLgD/view?usp=drivesdk,https://www.youtube.com/watch?v=AUSq5nGKlYo
ACTA-NUM.-0128-DE-FECHA-24-DE-AGOSTO-2022.pdf,https://drive.google.com/file/d/1QtV_sgQV5maTkbVv2KVpriKWBasmeuL0/view?usp=drivesdk,https://www.youtube.com/watch?v=9xbJlW1V7qM
ACTA-NUM.-0129-DE-FECHA-31-DE-AGOSTO-2022.pdf,https://drive.google.com/file/d/1KbdNs5xPbfmmbqGsrTHn5ogBxhxTuqaV/view?usp=drivesdk,https://www.youtube.com/watch?v=NkBSAIpsqCg
ACTA-NUM.-0130-DE-FECHA-07-DE-SEPTIEMBRE-2022.pdf,https://drive.google.com/file/d/11wK4xIHrJiBe0bWw_jYApetKrDN-HcXc/view?usp=drivesdk,https://www.youtube.com/watch?v=bzdfcVwXkWg
ACTA-NUM.-0131-DE-FECHA-13-DE-SEPTIEMBRE-2022.pdf,https://drive.google.com/file/d/13twrnzLmYqSRgIcDsSCqWAXkKZg5krby/view?usp=drivesdk,https://www.youtube.com/watch?v=CZSPoLDw2NQ
ACTA-NUM.-0132-DE-FECHA-22-DE-SEPTIEMBRE-2022.pdf,https://drive.google.com/file/d/1tZ9tcgnxUwXoUv4c6UStmNOCuwAX7kf-/view?usp=drivesdk,https://www.youtube.com/watch?v=ZKR5QK9lCF8
ACTA-NUM.-0133-DE-FECHA-28-DE-SEPTIEMBRE-2022.pdf,https://drive.google.com/file/d/1Qv60aw51oULOxl5MdTATMkAQs7D6wzHx/view?usp=drivesdk,https://www.youtube.com/watch?v=LYDxuISRdUA
ACTA-NUM.-0134-DE-FECHA-28-DE-SEPTIEMBRE-2022-EXTRAORDINARIA.pdf,https://drive.google.com/file/d/1hM6pdRMWX1a6bs8e7SIcoQiYflEl18PJ/view?usp=drivesdk,https://www.youtube.com/watch?v=LYDxuISRdUA
ACTA-NUM.-0135-DE-FECHA-05-DE-OCTUBRE-2022.pdf,https://drive.google.com/file/d/1ONZjoqTSbEsL63W4PfwMox-ULnUYW8By/view?usp=drivesdk,https://www.youtube.com/watch?v=JheBm9zzPVg
ACTA-NUM.-0136-DE-FECHA-12-DE-OCTUBRE-DE-2022.pdf,https://drive.google.com/file/d/1gxqA_BZNPmRwkeP88nBv-s3p2RjfY1Fr/view?usp=drivesdk,https://www.youtube.com/watch?v=QgkObIlt9vI
ACTA-NUM.-0137-DE-FECHA-19-DE-OCTUBRE-2022.pdf,https://drive.google.com/file/d/1c8BwIYAw80eKm4nnEIYrUhz3IPWTtme4/view?usp=drivesdk,https://www.youtube.com/watch?v=Xtr_9-71icA
ACTA-NUM.-0138-DE-FECHA-26-DE-OCTUBRE-2022.pdf,https://drive.google.com/file/d/1aAjIlLtr82SDJRcrlCZo3wkw46npFNKg/view?usp=drivesdk,https://www.youtube.com/watch?v=3sJbhLokSFk
ACTA-NUM.-0139-DE-FECHA-01-DE-NOVIEMBRE-2022.pdf,https://drive.google.com/file/d/1vFNfSDNtpCtxFOYjOgDQ6J-wSvYf_WOt/view?usp=drivesdk,https://www.youtube.com/watch?v=HCLZ7A8uI2k
ACTA-NUM.-0140-DE-FECHA-08-DE-NOVIEMBRE-2022.pdf,https://drive.google.com/file/d/1clv96w1yQzW3kYqQTIR5ajiAz0Hste-L/view?usp=drivesdk,https://www.youtube.com/watch?v=YgyW9LpHCtQ
ACTA-NUM.-0141-DE-FECHA-15-DE-NOVIEMBRE-2022.pdf,https://drive.google.com/file/d/1cIBhYMPTIKB0azZx-f4rribehOyfdVwd/view?usp=drivesdk,https://www.youtube.com/watch?v=kdag7tJtb8s
ACTA-NUM.-0142-DE-FECHA-23-DE-NOVIEMBRE-2022.pdf,https://drive.google.com/file/d/1UX-GemjQtIhjK5m69XE163mtA6aumbcZ/view?usp=drivesdk,https://www.youtube.com/watch?v=Sk_rByHvgew
ACTA-NUM.-0143-DE-FECHA-25-DE-NOVIEMBRE-2022.pdf,https://drive.google.com/file/d/1KjyUzQurphIFM2L857oodDHVf2zJRer_/view?usp=drivesdk,https://www.youtube.com/watch?v=dt1Da2kXwcM
ACTA-NUM.-0144-DE-FECHA-30-DE-NOVIEMBRE-2022.pdf,https://drive.google.com/file/d/1qTwAUqn6UAwpDTif7_I0JQOdpFjmDOyV/view?usp=drivesdk,https://www.youtube.com/watch?v=5QCuQ5FGG-E
ACTA-NUM.-0145-DE-FECHA-07-DE-DICIEMBRE-2022.pdf,https://drive.google.com/file/d/1Up2Q7fLUUzyDgOIFLOIVNXwx_l8WPv24/view?usp=drivesdk,https://www.youtube.com/watch?v=FFxBUPUVsLE
ACTA-NUM.-0146-DE-FECHA-07-DE-DICIEMBRE-2022-EXTRAORDINARIA (1).pdf,https://drive.google.com/file/d/1sePVVIzmZtK6yJHgrRUT460ZBTaqjcjF/view?usp=drivesdk,https://www.youtube.com/watch?v=FFxBUPUVsLE
ACTA-NUM.-0146-DE-FECHA-07-DE-DICIEMBRE-2022-EXTRAORDINARIA.pdf,https://drive.google.com/file/d/1pz8J4WSfSbGEUjA66HMy0fXeU6dOUWLd/view?usp=drivesdk,https://www.youtube.com/watch?v=FFxBUPUVsLE
ACTA-NUM.-0147-DE-FECHA-13-DE-DICIEMBRE-2022.pdf,https://drive.google.com/file/d/1wLzJ5XIsJmf26q3XsG7t8rvHiI-mjJX_/view?usp=drivesdk,https://www.youtube.com/watch?v=a_odoBe_n4Q
ACTA-NUM.-0148-DE-FECHA-13-DE-DICIEMBRE-2022-EXTRAORDINARIA.pdf,https://drive.google.com/file/d/1K1lPIs9Y10ANf_qf7f6FkezBr5wA_n7M/view?usp=drivesdk,https://www.youtube.com/watch?v=a_odoBe_n4Q
ACTA-NUM.-0149-DE-FECHA-20-DE-DICIEMBRE-2022.pdf,https://drive.google.com/file/d/1o3VdvHNUS6uex7Syi-WjqjptUEJLmhG7/view?usp=drivesdk,https://www.youtube.com/watch?v=Q2UIZONmyUg
ACTA-NUM.-0150-DE-FECHA-20-DE-DICIEMBRE-2022.pdf,https://drive.google.com/file/d/1Mdh_WWsdrgKRNXPbnLFedC9UWizWahTI/view?usp=drivesdk,https://www.youtube.com/watch?v=Q2UIZONmyUg
ACTA-NUM.-0151-DE-FECHA-10-DE-ENERO-2023.pdf,https://drive.google.com/file/d/1hq4izV1YvtsyOlSSwMYTVpNLsarqBKg5/view?usp=drivesdk,https://www.youtube.com/watch?v=f9eaIC9Ex9E
ACTA-NUM.-0152-DE-FECHA-12-DE-ENERO-2023.pdf,https://drive.google.com/file/d/1k13rXBYcRalP6mgei_WnBowjAfiTloDu/view?usp=drivesdk,https://www.youtube.com/watch?v=2fStgGcVFA8
ACTA-NUM.-0153-DE-FECHA-18-DE-ENERO-2023.pdf,https://drive.google.com/file/d/1lEr4xAEwDW4LqMWvp5C3spCPtBGpRblW/view?usp=drivesdk,https://www.youtube.com/watch?v=-LQWxCeCkHA
ACTA-NUM.-0154-DE-FECHA-24-DE-ENERO-2023.pdf,https://drive.google.com/file/d/19dmaV7jU847JJM12kSBkxextC56pXk03/view?usp=drivesdk,https://www.youtube.com/watch?v=v_cpbwjbO3M
ACTA-NUM.-0155-DE-FECHA-01-DE-FEBRERO-2023.pdf,https://drive.google.com/file/d/1AFjm8GggT6NCj39w_Bl1yekx1bkm6mqV/view?usp=drivesdk,https://www.youtube.com/watch?v=ChR0Tg-VWpc
ACTA-NUM.-0156-DE-FECHA-08-DE-FEBRERO-2023.pdf,https://drive.google.com/file/d/1LazyREQ6dL19XT7q7V4NyNVxYnnFI80R/view?usp=drivesdk,https://www.youtube.com/watch?v=-BpkAeQdR9U
ACTA-NUM.-0157-DE-FECHA-14-DE-FEBRERO-2023.pdf,https://drive.google.com/file/d/1ENCHXZHl4udb8T7WfooMVEkeeNN72IHT/view?usp=drivesdk,https://www.youtube.com/watch?v=UEG0iAKYSUk
ACTA-NUM.-0158-DE-FECHA-27-DE-FEBRERO-2023.pdf,https://drive.google.com/file/d/1gzJmNSL5eQIk1iYF1c7dD_Z26uRRT1g9/view?usp=drivesdk,https://www.youtube.com/watch?v=1UBFZ1g923k
ACTA-NUM.-0158-DE-FECHA-27-DE-FEBRERO-2023.pdf,https://drive.google.com/file/d/1gzJmNSL5eQIk1iYF1c7dD_Z26uRRT1g9/view?usp=drivesdk,https://www.youtube.com/watch?v=mg5g0U3j82M
ACTA-NUM.-0159-DE-FECHA-07-DE-MARZO-2023.pdf,https://drive.google.com/file/d/1FwkgERH8ZHkHp5kf_l4So8c9DqHTv0mP/view?usp=drivesdk,https://www.youtube.com/watch?v=hEHUo0XdMmM
ACTA-NUM.-0160-DE-FECHA-15-DE-MARZO-2023.pdf,https://drive.google.com/file/d/1xrjulZ0T5MjNKYAlm3gV6uyqqDYp5SwB/view?usp=drivesdk,https://www.youtube.com/watch?v=jdS-0NW_PNk
ACTA-NUM.-0161-DE-FECHA-22-DE-MARZO-2023.pdf,https://drive.google.com/file/d/1tNx_lV8vm48xni3DiuCYrYqRcd9Ep9QI/view?usp=drivesdk,https://www.youtube.com/watch?v=rFXYohNIf3E
ACTA-NUM.-0162-DE-FECHA-28-DE-MARZO-2023.pdf,https://drive.google.com/file/d/11Kt7CsVkyqwESb9pknXo0Zp4xQPu_6RZ/view?usp=drivesdk,https://www.youtube.com/watch?v=qfLKzgCt2n8
ACTA-NUM.-0163-DE-FECHA-11-DE-ABRIL-2023.pdf,https://drive.google.com/file/d/1fm6Jyjw1-axiGBJkruRrvLZio9HQ4LxN/view?usp=drivesdk,https://www.youtube.com/watch?v=lhz8QZ3Gja4
ACTA-NUM.-0164-DE-FECHA-19-DE-ABRIL-2023.pdf,https://drive.google.com/file/d/1P9X5D-3YuTug6wxOw4iiXJjCCBcMY_4M/view?usp=drivesdk,https://www.youtube.com/watch?v=iBWCZCF4Cxc
ACTA-NUM.-0165-DE-FECHA-25-DE-ABRIL-2023.pdf,https://drive.google.com/file/d/1bHlazvEhnnEbmoo9gP0XzKQkjfYVqZey/view?usp=drivesdk,https://www.youtube.com/watch?v=Lj0r9hku4zk
ACTA-NUM.-0166-DE-FECHA-03-DE-MAYO-2023.pdf,https://drive.google.com/file/d/1m1dpf1ysSyMQOcHARW9tfsasrH7kno-s/view?usp=drivesdk,https://www.youtube.com/watch?v=9zfaX68fxmE
ACTA-NUM.-0167-DE-FECHA-03-DE-MAYO-2023.pdf,https://drive.google.com/file/d/16usLcT5Cz_q0eBmwmtFP2tOffDnhCGBL/view?usp=drivesdk,https://www.youtube.com/watch?v=9zfaX68fxmE
ACTA-NUM.-0168-DE-FECHA-09-DE-MAYO-2023.pdf,https://drive.google.com/file/d/1ayyNLLgZPSeI_JZs0imN6-Q7c_qWsEpW/view?usp=drivesdk,https://www.youtube.com/watch?v=wUlpUIZ_d7E
ACTA-NUM.-0169-DE-FECHA-24-DE-MAYO-2023.pdf,https://drive.google.com/file/d/1eM9c6Db4QRDVTWvIOMlNsFBs45vAVzGa/view?usp=drivesdk,https://www.youtube.com/watch?v=hHH9BOFX44o
ACTA-NUM.-0170-DE-FECHA-30-DE-MAYO-2023.pdf,https://drive.google.com/file/d/1_ELcicz44z6XFkwUOtfBRWDqY7moaIGx/view?usp=drivesdk,https://www.youtube.com/watch?v=0IobyRaYZBA
ACTA-NUM.-0171-DE-FECHA-07-DE-JUNIO-2023.pdf,https://drive.google.com/file/d/1kTcpC_Mi-vqyF1IS9km0B0cAovEgzKOS/view?usp=drivesdk,https://www.youtube.com/watch?v=QHJZD91Uixg
ACTA-NUM.-0172-DE-FECHA-16-DE-JUNIO-2023.pdf,https://drive.google.com/file/d/1PTlCJIKkvsq6Dc_AxDeLRjcCGh4EikLn/view?usp=drivesdk,https://www.youtube.com/watch?v=FVZeAIE0k0g
ACTA-NUM.-0173-DE-FECHA-21-DE-JUNIO-2023.pdf,https://drive.google.com/file/d/1zPCArZ9FX13kq84VaD_p6v0lbKSfkhvp/view?usp=drivesdk,https://www.youtube.com/watch?v=kBfFm-E2XQM
ACTA-NUM.-0174-DE-FECHA-28-DE-JUNIO-2023.pdf,https://drive.google.com/file/d/1cbAvYFm7CziCbyHOcz6qAVebPQDrSzOz/view?usp=drivesdk,https://www.youtube.com/watch?v=f7mbAfk5nAk
ACTA-NUM.-0175-DE-FECHA-05-DE-JULIO-2023.pdf,https://drive.google.com/file/d/11XcAp0jSzuRmABfK804EzGTpnfagCN5d/view?usp=drivesdk,https://www.youtube.com/watch?v=3NnwmQ3ZReQ
ACTA-NUM.-0176-DE-FECHA-12-DE-JULIO-2023.pdf,https://drive.google.com/file/d/1yrfcXO47w_RvF5uwdLrQBaF5gCQHJZG3/view?usp=drivesdk,https://www.youtube.com/watch?v=h0k0L8KSNjo
ACTA-NUM.-0177-DE-FECHA-18-DE-JULIO-2023.pdf,https://drive.google.com/file/d/1paM6GayNOiswg029OqACOvFmV5Jgfctc/view?usp=drivesdk,https://www.youtube.com/watch?v=9SDewzy7cMQ
ACTA-NUM.-0178-DE-FECHA-24-DE-JULIO-2023.pdf,https://drive.google.com/file/d/1eFzyMr9DsRmIR1AIAKYvwPi9lyCkXo3q/view?usp=drivesdk,https://www.youtube.com/watch?v=yNbcRLOJXbE
ACTA-NUM.-0179-DE-FECHA-26-DE-JULIO-2023.pdf,https://drive.google.com/file/d/1ctEFVRelEnDl-D6OTYtq8goYbWWNHThM/view?usp=drivesdk,https://www.youtube.com/watch?v=TrqKVeCxWsg
ACTA-NUM.-0180-DE-FECHA-02-DE-AGOSTO-2023.pdf,https://drive.google.com/file/d/1He95YFDce_2fH-TZ387w6FYiJWLgrcFy/view?usp=drivesdk,https://www.youtube.com/watch?v=v_6qmkyOchE
ACTA-NUM.-0181-DE-FECHA-08-DE-AGOSTO-2023.pdf,https://drive.google.com/file/d/1K_SUaTWDp_-QpBrFKX8aLpHKYy--lkx7/view?usp=drivesdk,https://www.youtube.com/watch?v=zFM58FmxydY
ACTA-NUM.-0182-DE-FECHA-16-DE-AGOSTO-2023.pdf,https://drive.google.com/file/d/1EUbAMMbSA0QOfbcqEUW4CzRIxzaz9RE1/view?usp=drivesdk,https://www.youtube.com/watch?v=NKCA7h4fYc4
ACTA-NUM.-0183-DE-FECHA-25-DE-AGOSTO-2023.pdf,https://drive.google.com/file/d/1pJvwDJx0Oj7RclDPEpW9ngfFUTlvtb6A/view?usp=drivesdk,https://www.youtube.com/watch?v=SrTvDcJlDfk
ACTA-NUM.-0184-DE-FECHA-29-DE-AGOSTO-2023.pdf,https://drive.google.com/file/d/18HDrrdUYA6UvisCs8ancKB3MG-7Rc32e/view?usp=drivesdk,https://www.youtube.com/watch?v=y4bllA9wvks
ACTA-NUM.-0185-DE-FECHA-29-DE-AGOSTO-2023.pdf,https://drive.google.com/file/d/1N88uE5QrDNIDU-0dnWFzGKKozgnCt_YB/view?usp=drivesdk,https://www.youtube.com/watch?v=y4bllA9wvks
ACTA-NUM.-0186-DE-FECHA-08-DE-SEPTIEMBRE-2023.pdf,https://drive.google.com/file/d/1n4yq4nBqShtLpvfqe2G60jhbCDd2hcwS/view?usp=drivesdk,https://www.youtube.com/watch?v=o1LOpXyfmJI
ACTA-NUM.-0187-DE-FECHA-13-DE-SEPTIEMBRE-2023.pdf,https://drive.google.com/file/d/1FEDXOMmOdg59oCBSjB2tIroZa7gDsu6r/view?usp=drivesdk,https://www.youtube.com/watch?v=DVedC-tl-iU
ACTA-NUM.-0188-DE-FECHA-20-DE-SEPTIEMBRE-2023.pdf,https://drive.google.com/file/d/14ioEpWX1utZWrFWYOEXPiemPtmBKlrfw/view?usp=drivesdk,https://www.youtube.com/watch?v=_VHGwbYKJ_4
ACTA-NUM.-0189-DE-FECHA-26-DE-SEPTIEMBRE-2023.pdf,https://drive.google.com/file/d/16hkJRuJcvBk0ExWCg_6Px--NEt3c01Ob/view?usp=drivesdk,https://www.youtube.com/watch?v=Bsz9o-d56tw
ACTA-NUM.-0190-DE-FECHA-28-DE-SEPTIEMBRE-2023.pdf,https://drive.google.com/file/d/1HXgkyMxTZVLjwFaOLUlgFCVUuNhX50CT/view?usp=drivesdk,https://www.youtube.com/watch?v=ejOgYyiL70w
ACTA-NUM.-0191-DE-FECHA-04-DE-OCTUBRE-2023.pdf,https://drive.google.com/file/d/1IGQa2Qeye9zRrPLLLs1Rfh51ahULLXrr/view?usp=drivesdk,https://www.youtube.com/watch?v=UDxgmXIxo8g
ACTA-NUM.-0192-DE-FECHA-11-DE-OCTUBRE-2023.pdf,https://drive.google.com/file/d/1HKFsv_UsV4veqRACpYX-uZ5v-BO7EZCV/view?usp=drivesdk,https://www.youtube.com/watch?v=XQBcxAc4Mvo
ACTA-NUM.-0193-DE-FECHA-18-DE-OCTUBRE-2023.pdf,https://drive.google.com/file/d/1jpLvzGpWv8BKCUTKKDDBZj38dEaH46sj/view?usp=drivesdk,https://www.youtube.com/watch?v=3gnn_CIVyT0
ACTA-NUM.-0194-DE-FECHA-18-DE-OCTUBRE-2023-EXTRAORDINARIA.pdf,https://drive.google.com/file/d/15FPAjAqzn4OMXF2HK9bJeUZ1v-762tIN/view?usp=drivesdk,https://www.youtube.com/watch?v=3gnn_CIVyT0
ACTA-NUM.-0195-DE-FECHA-24-DE-OCTUBRE-2023.pdf,https://drive.google.com/file/d/1-58UlRCV_x4f6UofIBUv4o7JwlVnp09c/view?usp=drivesdk,https://www.youtube.com/watch?v=NBlSxOQDdiI
ACTA-NUM.-0197-DE-FECHA-31-DE-OCTUBRE-2023.pdf,https://drive.google.com/file/d/1pwh--1USpeN7dc0n30-f8SanKJuJ6b2r/view?usp=drivesdk,https://www.youtube.com/watch?v=e6CHt9fQ3Q8
ACTA-NUM.-0197-DE-FECHA-31-DE-OCTUBRE-2023.pdf,https://drive.google.com/file/d/1pwh--1USpeN7dc0n30-f8SanKJuJ6b2r/view?usp=drivesdk,https://www.youtube.com/watch?v=VxYUVaXUv5Q
ACTA-NUM.-0199-DE-FECHA-14-DE-NOVIEMBRE-2023.pdf,https://drive.google.com/file/d/1sSFhwFNsVVVCQTtuxLdVaUhX2OjsPx8R/view?usp=drivesdk,https://www.youtube.com/watch?v=xHIiV2Uitys
ACTA-NUM.-0200-DE-FECHA-22-DE-NOVIEMBRE-2023.pdf,https://drive.google.com/file/d/1kH2XtV7q6sqCeF5V24JlSBYKJHdsZGvm/view?usp=drivesdk,https://www.youtube.com/watch?v=RcWIYJQCO3U
ACTA-NUM.-0201-DE-FECHA-28-DE-NOVIEMBRE-2023.pdf,https://drive.google.com/file/d/1e3HMFiGHV46uPnN0H0gBDJORyMe6YvCK/view?usp=drivesdk,https://www.youtube.com/watch?v=TqnElvXKIrk
ACTA-NUM.-0202-DE-FECHA-05-DE-DICIEMBRE-2023.pdf,https://drive.google.com/file/d/1N41DFmYItxO4P2T5w9HJVVNpW8kGygwp/view?usp=drivesdk,https://www.youtube.com/watch?v=EdwnSrAk-3Y
ACTA-NUM.-0203-DE-FECHA-12-DE-DICIEMBRE-2023.pdf,https://drive.google.com/file/d/1jHC3HGmyoiCkTNys8scte0cOu50kR0MP/view?usp=drivesdk,https://www.youtube.com/watch?v=HlpPgtlVdPw
ACTA-NUM.-0204-DE-FECHA-18-DE-DICIEMBRE-2023.pdf,https://drive.google.com/file/d/1cibYwNRXNrbDYh7eJeVAaBU4Gxh7j739/view?usp=drivesdk,https://www.youtube.com/watch?v=Zh12Krlpl4g
ACTA-NUM.-0205-DE-FECHA-20-DE-DICIEMBRE-2023.pdf,https://drive.google.com/file/d/1XCtzl7hxghX2Yq1YZJp6NFcZ1m9ZGSGv/view?usp=drivesdk,https://www.youtube.com/watch?v=Q-EFwTZgOdo
ACTA-NUM.-0206-DE-FECHA-08-DE-ENERO-2024.pdf,https://drive.google.com/file/d/1IdYnj-O6t4OAOZGdTYgofHVToBV85FDd/view?usp=drivesdk,https://www.youtube.com/watch?v=Tv3ujDvqlzA
ACTA-NUM.-0207-DE-FECHA-10-DE-ENERO-2024.pdf,https://drive.google.com/file/d/1FXzsgr_jK_aSTQRF9HWmp9maD4N5MtsL/view?usp=drivesdk,https://www.youtube.com/watch?v=jnOKHpteMOE
ACTA-NUM.-0208-DE-FECHA-10-DE-ENERO-2024-EXTRAORDINARIA.pdf,https://drive.google.com/file/d/1FStAYeJki5k01LK8oaYaZgm--RypFBfD/view?usp=drivesdk,https://www.youtube.com/watch?v=jnOKHpteMOE
ACTA-NUM.-0210-DE-FECHA-28-DE-FEBRERO-2024.pdf,https://drive.google.com/file/d/1SXfDU91-jcU_PDMPY5rrosqmILQX8yvz/view?usp=drivesdk,https://www.youtube.com/watch?v=M5j-wH8A7DM
ACTA-NUM.-0211-DE-FECHA-07-DE-MARZO-2024.pdf,https://drive.google.com/file/d/1NyHD6hauMYSDXKLTgN8p2XVkU0luOaFr/view?usp=drivesdk,https://www.youtube.com/watch?v=tMGtUwHeBA4
ACTA-NUM.-0211-DE-FECHA-07-DE-MARZO-2024.pdf,https://drive.google.com/file/d/1NyHD6hauMYSDXKLTgN8p2XVkU0luOaFr/view?usp=drivesdk,https://www.youtube.com/watch?v=O3Qy9TGJWxw
ACTA-NUM.-0212-DE-FECHA-19-DE-MARZO-2024.pdf,https://drive.google.com/file/d/1gAC5wNyzNT2rJC9BMBG5j1zfUnTZOxJl/view?usp=drivesdk,https://www.youtube.com/watch?v=KJ0cn5REyKU
ACTA-NUM.-0213-DE-FECHA-20-DE-MARZO-2024.pdf,https://drive.google.com/file/d/1jTG0WAhSMOcl5aKlzQ8rvHT8--Bt2Joo/view?usp=drivesdk,https://www.youtube.com/watch?v=wPqRqlUkr8g
ACTA-NUM.-0214-DE-FECHA-09-DE-ABRIL-2024.pdf,https://drive.google.com/file/d/1s3nhaAwFlY2gXON1br8rn_16W8GY8wn0/view?usp=drivesdk,https://www.youtube.com/watch?v=RK2sUOrFgsc
ACTA-NUM.-0215-DE-FECHA-16-DE-ABRIL-2024.pdf,https://drive.google.com/file/d/1jkyvNTW7DciK6DlCv6NHE4YSzSSkwe2W/view?usp=drivesdk,https://www.youtube.com/watch?v=nDP6LVMpge8
ACTA-NUM.-0216-DE-FECHA-23-DE-ABRIL-2024.pdf,https://drive.google.com/file/d/1HGYQEhjMirV1QZljm7Tnmr5JaLuOBFJj/view?usp=drivesdk,https://www.youtube.com/watch?v=jEfHfAs7ETo
ACTA-NUM.-0217-DE-FECHA-30-DE-ABRIL-2024.pdf,https://drive.google.com/file/d/1TBOFo-goy0k-xB2fZuVtYMD3E7FsaFfW/view?usp=drivesdk,https://www.youtube.com/watch?v=yYvXsRQJ0EM
ACTA-NUM.-0218-DE-FECHA-28-DE-MAYO-2024.pdf,https://drive.google.com/file/d/1aPvizTLfJDtjmlTG3R9dyldAbKLRtR8x/view?usp=drivesdk,https://www.youtube.com/watch?v=pqBVlHbYbDM
ACTA-NUM.-0219-DE-FECHA-12-DE-JUNIO-2024.pdf,https://drive.google.com/file/d/1sR9ek-vuDChVFs0DNZ-m6Tzrios73-6e/view?usp=drivesdk,https://www.youtube.com/watch?v=vQTGCll98QU
ACTA-NUM.-0220-DE-FECHA-19-DE-JUNIO-2024.pdf,https://drive.google.com/file/d/1hwj4stuuKC3_bbsXVAlSCs-QrJumsNWk/view?usp=drivesdk,https://www.youtube.com/watch?v=2V6fOkitNWc
ACTA-NUM.-0221-DE-FECHA-25-DE-JUNIO-2024.pdf,https://drive.google.com/file/d/1ZNLC5fyZ3DYVQ-dnuCUubMWQ-hItiFIE/view?usp=drivesdk,https://www.youtube.com/watch?v=6p2RFc7hvbQ
ACTA-NUM.-0222-DE-FECHA-03-DE-JULIO-2024.pdf,https://drive.google.com/file/d/1yXjLdD1jISwDeUf8XEFO76oFJRv1l51R/view?usp=drivesdk,https://www.youtube.com/watch?v=Guf1FZkyEs0
ACTA-NUM.-0223-DE-FECHA-09-DE-JULIO-2024.pdf,https://drive.google.com/file/d/1evtAgJ5s9JBCK6gR0hku0hGW0oJngNHs/view?usp=drivesdk,https://www.youtube.com/watch?v=vMhC649SiCQ
ACTA-NUM.-0224-DE-FECHA-09-DE-JULIO-2024-Ext.pdf,https://drive.google.com/file/d/1v0OnWm26EYO4vkvWFpHNeWr9gJjx90lF/view?usp=drivesdk,https://www.youtube.com/watch?v=vMhC649SiCQ
ACTA-NUM.-0225-DE-FECHA-16-DE-JULIO-2024.pdf,https://drive.google.com/file/d/1aOxhK75oW5jkwAbbGqRWVT3tw5TwHUlz/view?usp=drivesdk,https://www.youtube.com/watch?v=8wthuhFjUV4
ACTA-NUM.-0226-DE-FECHA-17-DE-JULIO-2024.pdf,https://drive.google.com/file/d/19Kbxf1t0Y07RacdmXqZ4c1LKHAhsMSJR/view?usp=drivesdk,https://www.youtube.com/watch?v=kHI_qZkJsHc
ACTA-NUM.-0227-DE-FECHA-17-DE-JULIO-2024-Ext.pdf,https://drive.google.com/file/d/1GmUpzW7IxNUyz5kbVzSDjuT-6o4JDgQ4/view?usp=drivesdk,https://www.youtube.com/watch?v=kHI_qZkJsHc
ACTA-NUM.-0228-DE-FECHA-18-DE-JULIO-2024.pdf,https://drive.google.com/file/d/1EQxZMP62HyuKKguzrWKWPWiX_faeirYl/view?usp=drivesdk,https://www.youtube.com/watch?v=KawE-VpcyN4
ACTA-NUM.-0229-DE-FECHA-23-DE-JULIO-2024.pdf,https://drive.google.com/file/d/1u_9cWuciZQTEHPJhb7M2t5aAvboJhlYm/view?usp=drivesdk,https://www.youtube.com/watch?v=ClXuDiDwy_o
ACTA-NUM.-0230-DE-FECHA-25-DE-JULIO-2024.pdf,https://drive.google.com/file/d/1tcW8n8JMPB-LbL9570on_e0Tm9WL6m2d/view?usp=drivesdk,https://www.youtube.com/watch?v=URGc_UEPm-A
ACTA-NUM.-0231-DE-FECHA-25-DE-JULIO-2024-Ext.pdf,https://drive.google.com/file/d/1UkcTi0utLqtP3KzIPmLftYcsUX6zujWd/view?usp=drivesdk,https://www.youtube.com/watch?v=URGc_UEPm-A
