nombre_documento,fecha_contenido
ACTA-DE-COMPARECENCIA-NO.175-DE-FECHA-05-DE-FEBRERO-2020.pdf,2020-02-05
ACTA-DE-COMPARECENCIA-NO.191-DE-FECHA-13-DE-JUNIO-2020.pdf,2020-06-13
ACTA-DE-COMPARECENCIA-NO.199-DE-FECHA-04-DE-AGOSTO-2020.pdf,2020-08-04
ACTA-DE-COMPRARECENCIA-NUM.-0196-DE-FECHA-26-DE-OCTUBRE-2023 (1).pdf,2023-10-26
ACTA-DE-COMPRARECENCIA-NUM.-0196-DE-FECHA-26-DE-OCTUBRE-2023.pdf,2023-10-26
ACTA-DE-INSTALACION-NO.001-DE-FECHA-16-DE-AGOSTO-2020.pdf,2020-08-16
ACTA-DE-INSTALACION-NUM.-0209-DE-FECHA-27-DE-FEBRERO-2024.pdf,2024-02-27
ACTA-NO.-0054-DE-FECHA-27-DE-SEPTIEMBRE-2017.pdf,2017-09-27
ACTA-NO.-0055-DE-FECHA-03-DE-OCTUBRE-2017.pdf,2017-10-03
ACTA-NO.-0056-DE-FECHA-04-DE-OCTUBRE-2017.pdf,2017-10-04
ACTA-NO.-0057-DE-FECHA-11-DE-OCTUBRE-2017.pdf,2017-10-11
ACTA-NO.-0058-DE-FECHA-11-DE-OCTUBRE-2017.-EXTRAORDINARIA.pdf,2017-10-11
ACTA-NO.-0059-DE-FECHA-18-DE-OCTUBRE-2017.pdf,2017-10-18
ACTA-NO.-0060-DE-FECHA-25-DE-OCTUBRE-2017.pdf,2017-10-25
ACTA-NO.-0061-DE-FECHA-31-DE-OCTUBRE-2017.pdf,2017-10-31
ACTA-NO.-0062-DE-FECHA-09-DE-NOVIEMBRE-2017.pdf,2017-11-09
ACTA-NO.-0063-DE-FECHA-09-DE-NOVIEMBRE-2017.-EXTRAORDINARIA.pdf,2017-11-09
ACTA-NO.-0065-DE-FECHA-15-DE-NOVIEMBRE-2017.pdf,2017-11-15
ACTA-NO.-0066-DE-FECHA-22-DE-NOVIEMBRE-2017.pdf,2017-11-22
ACTA-NO.-0067-DE-FECHA-29-DE-NOVIEMBRE-2017.pdf,2017-11-29
ACTA-NO.-0068-DE-FECHA-29-DE-NOVIEMBRE-2017.-EXTRAORDINARIA.pdf,2017-11-29
ACTA-NO.-0069-DE-FECHA-06-DE-DICIEMBRE-2017.pdf,2017-12-06
ACTA-NO.-0070-DE-FECHA-13-DE-DICIEMBRE-DE-2017.pdf,2017-12-13
ACTA-NO.-011-DE-FECHA-14-OCTUBRE-2020.pdf,2020-10-14
ACTA-NO.-023-DE-FECHA-11-DE-ENERO-2017.pdf,2017-01-11
ACTA-NO.-024-DE-FECHA-25-DE-ENERO-2017.pdf,2017-01-25
ACTA-NO.-025-DE-FECHA-01-DE-FEBRERO-2017.pdf,2017-02-01
ACTA-NO.-026-DE-FECHA-07-DE-FEBRERO-2017.pdf,2017-02-07
ACTA-NO.-028-DE-FECHA-27-DE-FEBRERO-2017-INSTALACION.pdf,2017-02-27
ACTA-NO.-029-DE-FECHA-08-DE-MARZO-2017.pdf,2017-03-08
ACTA-NO.-030-DE-FECHA-15-DE-MARZO-2017.pdf,2017-03-15
ACTA-NO.-030-DE-FECHA-15-DE-MARZO-20171.pdf,2017-03-15
ACTA-NO.-031-DE-FECHA-22-DE-MARZO-20171.pdf,2017-03-22
ACTA-NO.-032-DE-FECHA-29-DE-MARZO-20171.pdf,2017-03-29
ACTA-NO.-034-DE-FECHA-19-DE-ABRIL-2017.pdf,2017-04-19
ACTA-NO.-035-DE-FECHA-26-DE-ABRIL-2017.pdf,2017-04-26
ACTA-NO.-036-DE-FECHA-03-DE-MAYO-2017.pdf,2017-05-03
ACTA-NO.-037-DE-FECHA-10-DE-MAYO-2017.pdf,2017-05-10
ACTA-NO.-038-DE-FECHA-17-DE-MAYO-2017.pdf,2017-05-17
ACTA-NO.-039-DE-FECHA-19-DE-MAYO-2017.pdf,2017-05-19
ACTA-NO.-041-DE-FECHA-31-DE-MAYO-2017.pdf,2017-05-31
ACTA-NO.-042-DE-FECHA-07-DE-JUNIO-2017.pdf,2017-06-07
ACTA-NO.-043-DE-FECHA-14-DE-JUNIO-2017.pdf,2017-06-14
ACTA-NO.-044-DE-FECHA-21-DE-JUNIO-2017.pdf,2017-06-21
ACTA-NO.-045-DE-FECHA-28-DE-JUNIO-2017.pdf,2017-06-28
ACTA-NO.-046-DE-FECHA-12-DE-JULIO-2017.pdf,2017-07-12
ACTA-NO.-047-DE-FECHA-12-DE-JULIO-2017-EXTRAORDINARIA.pdf,2017-07-12
ACTA-NO.-049-DE-FECHA-26-DE-JULIO-2017.pdf,2017-07-26
ACTA-NO.-050-DE-FECHA-16-DE-AGOSTO-2017-INSTALACION-Copy.pdf,2017-08-16
ACTA-NO.-051-DE-FECHA-23-DE-AGOSTO-2017.pdf,2017-08-23
ACTA-NO.-052-DE-FECHA-30-DE-AGOSTO-2017.pdf,2017-08-30
ACTA-NO.-053-DE-FECHA-13-DE-SEPTIEMBRE-2017.pdf,2017-09-13
ACTA-NO.-064-DE-FECHA-15-DE-NOVIEMBRE-2017.pdf,2017-11-15
ACTA-NO.-118-DE-FECHA-17-DE-DICIEMBRE-DEL-2018.pdf,2018-12-17
ACTA-NO.-119-DE-FECHA-19-DE-DICIEMBRE-DEL-2018.pdf,2018-12-19
ACTA-NO.-120-DE-FECHA-19-DE-DICIEMBRE-DEL-2018.pdf,2018-12-19
ACTA-NO.-40-DE-FECHA-24-DE-MAYO-2017.pdf,2017-05-24
ACTA-NO.002-DE-FECHA-20-DE-AGOSTO-2020.pdf,2020-08-20
ACTA-NO.003-DE-FECHA-26-AGOSTO-2020.pdf,2020-08-26
ACTA-NO.004-DE-FECHA-01-SEPTIEMBRE-2020.pdf,2020-09-01
ACTA-NO.005-DE-FECHA-03-DE-SEPTIEMBRE-DE-2020.pdf,2020-09-03
ACTA-NO.006-DE-FECHA-03-DE-SEPTIEMBRE-2020.pdf,2020-09-03
ACTA-NO.0068-DE-FECHA-19-AGOSTO-DE-2021.pdf,2021-08-19
ACTA-NO.0069-DE-FECHA-24-AGOSTO-DE-2021.pdf,2021-08-24
ACTA-NO.007-DE-FECHA-16-DE-SEPTIEMBRE-2020.pdf,2020-09-16
ACTA-NO.0070-DE-FECHA-26-AGOSTO-DE-2021.pdf,2021-08-26
ACTA-NO.0071-DE-FECHA-31-DE-AGOSTO-DE-2021.pdf,2021-08-31
ACTA-NO.0072-DE-FECHA-02-SEPTIEMBRE-DE-2021.pdf,2021-09-02
ACTA-NO.0073-DE-FECHA-07-DE-MARZO-2018.pdf,2018-03-07
ACTA-NO.0073-DE-FECHA-14-SEPTIEMBRE-DE-2021.pdf,2021-09-14
ACTA-NO.0074-DE-FECHA-14-DE-MARZO-2018.pdf,2018-03-14
ACTA-NO.0074-DE-FECHA-21-DE-SEPTIEMBRE-2021.pdf,2021-09-21
ACTA-NO.0075-DE-FECHA-21-DE-MARZO-2018.pdf,2018-03-21
ACTA-NO.0076-DE-FECHA-04-DE-ABRIL-2018.pdf,2018-04-04
ACTA-NO.0077-DE-FECHA-11-DE-ABRIL-2018.pdf,2018-04-11
ACTA-NO.0078-DE-FECHA-18-DE-ABRIL-2018.pdf,2018-04-18
ACTA-NO.0079-DE-FECHA-25-DE-ABRIL-2018.pdf,2018-04-25
ACTA-NO.008-DE-FECHA-23-SEPTIEMBRE-2020.pdf,2020-09-23
ACTA-NO.0080-DE-FECHA-02-DE-MAYO-2018.pdf,2018-05-02
ACTA-NO.0081-DE-FECHA-09-DE-MAYO-2018.pdf,2018-05-09
ACTA-NO.0082-DE-FECHA-16-DE-MAYO-2018.pdf,2018-05-16
ACTA-NO.0083-DE-FECHA-23-DE-MAYO-2018.pdf,2018-05-23
ACTA-NO.0084-DE-FECHA-30-DE-MAYO-2018.pdf,2018-05-30
ACTA-NO.0085-DE-FECHA-06-DE-JUNIO-2018.pdf,2018-06-06
ACTA-NO.0086-DE-FECHA-13-DE-JUNIO-2018.pdf,2018-06-13
ACTA-NO.0087-DE-FECHA-20-DE-JUNIO-2018.pdf,2018-06-20
ACTA-NO.0088-DE-FECHA-27-DE-JUNIO-2018.pdf,2018-06-27
ACTA-NO.0089-DE-FECHA-04-DE-JULIO-2018.pdf,2018-07-04
ACTA-NO.009-DE-FECHA-30-SEPTIEMBRE-2020.pdf,2020-09-30
ACTA-NO.0090-DE-FECHA-11-DE-JULIO-2018.pdf,2018-07-11
ACTA-NO.0092-DE-FECHA-25-DE-JULIO-2018.pdf,2018-07-25
ACTA-NO.0095-DE-FECHA-09-DE-AGOSTO-2018.pdf,2018-08-09
ACTA-NO.010-DE-FECHA-07-DE-OCTUBRE-DE-2020.pdf,2020-10-07
ACTA-NO.0104-DE-FECHA-16-DE-OCTUBRE-2018.pdf,2018-10-16
ACTA-NO.012-DE-FECHA-21-OCTUBRE-2020.pdf,2020-10-21
ACTA-NO.013-DE-FECHA-28-DE-OCTUBRE-DE-2020.pdf,2020-10-28
ACTA-NO.014-DE-FECHA-04-de-NOVIEMBRE-2020.pdf,2020-11-04
ACTA-NO.015-DE-FECHA-06-DE-NOVIEMBRE-DE-2020.pdf,2020-11-06
ACTA-NO.0154-DE-FECHA-10-DE-SEPTIEMBRE-DE-2019.pdf,2019-09-10
ACTA-NO.016-DE-FECHA-DE-11-DE-NOVIEMBRE-DE-2020.pdf,2020-11-11
ACTA-NO.017-DE-FECHA-18-DE-NOVIEMBRE-2020.pdf,2020-11-18
ACTA-NO.0173-DE-FECHA-04-DE-FEBRERO-DE-2020.pdf,2020-02-04
ACTA-NO.018-DE-FECHA-25-DE-NOVIEMBRE-DE-2020.pdf,2020-11-25
ACTA-NO.019-DE-FECHA-01-DICIEMBRE-2020.pdf,2020-12-01
ACTA-NO.020-DE-FECHA-01-DICIEMBRE-2020.pdf,2020-12-01
ACTA-NO.021-DE-FECHA-008-DICIEMBRE-2020.pdf,2020-12-08
ACTA-NO.022-DE-FECHA-15-DICIEMBRE-DE-2020.pdf,2020-12-15
ACTA-NO.023-DEL-21-DE-DICIEMBRE-2020.pdf,2020-12-21
ACTA-NO.024-DEL-21-DE-DICIEMBRE-2020.pdf,2020-12-21
ACTA-NO.026-DE-FECHA-07-ENERO-2021.pdf,2021-01-07
ACTA-NO.027-DE-FECHA-19-ENERO-2021.pdf,2021-01-19
ACTA-NO.028-DE-FECHA-19-DE-ENERO-2021.pdf,2021-01-19
ACTA-NO.029-DE-FECHA-29-ENERO-2021.pdf,2021-01-29
ACTA-NO.031-DE-FECHA-16-DE-FEBRERO-2021-EXTRAORDINARIA.pdf,2021-02-16
ACTA-NO.032-DE-FECHA-27-DE-FEBRERO-DE-2021.pdf,2021-02-27
ACTA-NO.033-DE-FECHA-02-de-MARZO-2021.pdf,2021-03-02
ACTA-NO.034-DE-FECHA-09-MARZO-DE-2021.pdf,2021-03-09
ACTA-NO.035-DE-FECHA-17-DE-MARZO-2021.pdf,2021-03-17
ACTA-NO.037-DE-FECHA-06-DE-ABRIL-DE-2021.pdf,2021-04-06
ACTA-NO.038-DE-FECHA-06-DE-ABRIL-DE-2021.pdf,2021-04-06
ACTA-NO.039-DE-FECHA-08-DE-ABRIL-DE-2021.pdf,2021-04-08
ACTA-NO.040-DE-FECHA-13-ABRIL-DE-2021.pdf,2021-04-13
ACTA-NO.041-DE-FECHA-20-ABRIL-DE-2021.pdf,2021-04-20
ACTA-NO.042-DE-FECHA-27-DE-ABRIL-DE-2021.pdf,2021-04-27
ACTA-NO.043-DE-FECHA-04-MAYO-DE-2021.pdf,2021-05-04
ACTA-NO.044-DE-FECHA-04-DE-MAYO-2021-EXTRAORDINARIA.pdf,2021-05-04
ACTA-NO.045-DE-FECHA-11-MAYO-DE-2021.pdf,2021-05-11
ACTA-NO.046-DE-FECHA-13-MAYO-DE-2021.pdf,2021-05-13
ACTA-NO.047-DE-FECHA-18-MAYO-DE-2021.pdf,2021-05-18
ACTA-NO.048-DE-FECHA-26-MAYO-DE-2021.pdf,2021-05-26
ACTA-NO.049-DE-FECHA-26-DE-MAYO-2021-EXTRAORDINARIA.pdf,2021-05-26
ACTA-NO.050-DE-FECHA-01-JUNIO-DE-2021.pdf,2021-06-01
ACTA-NO.051-DE-FECHA-08-JUNIO-DE-2021.pdf,2021-06-08
ACTA-NO.052-DE-FECHA-10-JUNIO-DE-2021.pdf,2021-06-10
ACTA-NO.053-DE-FECHA-15-JUNIO-DE-2021.pdf,2021-06-15
ACTA-NO.054-DE-FECHA-16-JUNIO-DE-2021.pdf,2021-06-16
ACTA-NO.055-DE-FECHA-24-JUNIO-DE-2021.pdf,2021-06-24
ACTA-NO.056-DE-FECHA-30-JUNIO-DE-2021.pdf,2021-06-30
ACTA-NO.057-DE-FECHA-06-JULIO-DE-2021.pdf,2021-07-06
ACTA-NO.058-DE-FECHA-08-JULIO-DE-2021.pdf,2021-07-08
ACTA-NO.059-DE-FECHA-14-JULIO-DE-2021.pdf,2021-07-14
ACTA-NO.060-DE-FECHA-14-JULIO-2021-EXTRAORDINARIA.pdf,2021-07-14
ACTA-NO.061-DE-FECHA-21-JULIO-DE-2021.pdf,2021-07-21
ACTA-NO.062-DE-FECHA-27-JULIO-DE-2021.pdf,2021-07-27
ACTA-NO.063-DE-FECHA-29-JULIO-DE-2021.pdf,2021-07-29
ACTA-NO.064-DE-FECHA-03-AGOSTO-DE-2021.pdf,2021-08-03
ACTA-NO.065-DE-FECHA-05-AGOSTO-DE-2021.pdf,2021-08-05
ACTA-NO.066-DE-FECHA-10-AGOSTO-DE-2021-COMPARECENCIA.pdf,2021-08-10
ACTA-NO.091-DE-FECHA-18-DE-JULIO-2018.pdf,2018-07-18
ACTA-NO.093-DE-FECHA-01-DE-AGOSTO-2018.pdf,2018-08-01
ACTA-NO.094-DE-FECHA-08-DE-AGOSTO-2018.pdf,2018-08-08
ACTA-NO.096-DE-FECHA-16-DE-AGOSTO-2018.pdf,2018-08-16
ACTA-NO.097-DE-FECHA-29-DE-AGOSTO-2018.pdf,2018-08-29
ACTA-NO.098-DE-FECHA-05-DE-SEPTIEMBRE-DE-2018.pdf,2018-09-05
ACTA-NO.099-DE-FECHA-12-DE-SEPTIEMBRE-2018.pdf,2018-09-12
ACTA-NO.101-DE-FECHA-26-SEPTIEMBRE-DE-2018.pdf,2018-09-26
Acta-NO.102-DE-FECHA-03-DE-OCTUBRE-2018.pdf,2018-10-03
ACTA-NO.103-DE-FECHA-10-DE-OCTUBRE-DE-2018.pdf,2018-10-10
ACTA-NO.105-DE-FECHA-17-OCTUBRE-DE-2018.pdf,2018-10-17
ACTA-NO.106-DE-FECHA-24-DE-OCTUBRE-2018.pdf,2018-10-24
ACTA-NO.107-DE-FECHA-31-OCTUBRE-DE-2018.pdf,2018-10-31
ACTA-NO.108-DE-FECHA-07-DE-NOVIEMBRE-2018.pdf,2018-11-07
ACTA-NO.109-DE-FECHA-14-DE-NOVIEMBRE-2018.pdf,2018-11-14
ACTA-NO.110-DE-FECHA-21-DE-NOVIEMBRE-2018.pdf,2018-11-21
ACTA-NO.111-DE-FECHA-28-DE-NOVIEMBRE-DEL-2018.pdf,2018-11-28
ACTA-NO.112-DE-FECHA-28-DE-NOVIEMBRE-DEL-2018.pdf,2018-11-28
ACTA-NO.113-DE-FECHA-04-DE-DICIEMBRE-2018.pdf,2018-12-04
ACTA-NO.114-DE-FECHA-04-DE-DICIEMBRE-2018-EXTRAORDINARIA.pdf,2018-12-04
ACTA-NO.115-DE-FECHA-5-DE-DICIEMBRE-DEL-2018.pdf,2018-12-05
ACTA-NO.116-DE-FECHA-5-DE-DICIEMBRE-DEL-2018.pdf,2018-12-05
ACTA-NO.117-DE-FECHA-11-DE-DICIEMBRE-2018.pdf,2018-12-11
ACTA-NO.121-DE-FECHA-10-DE-ENERO-2019.pdf,2019-01-10
ACTA-NO.122-DE-FECHA-22-DE-ENERO-2019.pdf,2019-01-22
ACTA-NO.123-DE-FECHA-29-DE-ENERO-DEL-2019.pdf,2019-01-29
ACTA-NO.124-DE-FECHA-06-DE-FEBRERO-DE-2019.pdf,2019-02-06
ACTA-NO.125-DE-FECHA-09-DE-FEBRERO-2019.pdf,2019-02-09
ACTA-NO.126-DE-FECHA-09-DE-FEBRERO-2019.pdf,2019-02-09
ACTA-NO.127-DE-FECHA-27-DE-FEBRERO-2019-INSTALACION.pdf,2019-02-27
ACTA-NO.128-DE-FECHA-06-DE-MARZO-DEL-2019.pdf,2019-03-06
ACTA-NO.129-DE-FECHA-13-DE-MARZO-2019.pdf,2019-03-13
ACTA-NO.130-DE-FECHA-13-DE-MARZO-2019-EXTRAORDINARIA.pdf,2019-03-13
ACTA-NO.131-DE-FECHA-20-DE-MARZO-2019.pdf,2019-03-20
ACTA-NO.132-DE-FECHA-26-DE-MARZO-DEL-2019.pdf,2019-03-26
ACTA-NO.133-DE-FECHA-3-DE-ABRIL-DEL-2019.pdf,2019-04-03
ACTA-NO.134-DE-FECHA-10-DE-ABRIL-2019.pdf,2019-04-10
ACTA-NO.135-DE-FECHA-24-DE-ABRIL-DEL-2019.pdf,2019-04-24
ACTA-NO.136-DE-FECHA-01-DE-MAYO-2019.pdf,2019-05-01
ACTA-NO.137-DE-FECHA-08-DE-MAYO-2019.pdf,2019-05-08
ACTA-NO.138-DE-FECHA-15-DE-MAYO-2019.pdf,2019-05-15
ACTA-NO.139-DE-FECHA-22-DE-MAYO-2019.pdf,2019-05-22
ACTA-NO.140-DE-FECHA-22-DE-MAYO-2019-EXTRAORDINARIA.pdf,2019-05-22
ACTA-NO.141-DE-FECHA-29-DE-MAYO-DEL-2019.pdf,2019-05-29
ACTA-NO.142-DE-FECHA-5-DE-JUNIO-2019.pdf,2019-06-05
ACTA-NO.143-DE-FECHA-12-DE-JUNIO-2019.pdf,2019-06-12
ACTA-NO.144-DEL-19-DE-JUNIO-DEL-2019.pdf,2019-06-19
ACTA-NO.145-DE-FECHA-26-DE-JUNIO-2019.pdf,2019-06-26
ACTA-NO.146-DE-FECHA-03-DE-JULIO-2019.pdf,2019-07-03
ACTA-NO.147-DE-FECHA-10-DE-JULIO-2019.pdf,2019-07-10
ACTA-NO.148-DE-FECHA-17-DE-JULIO-2019.pdf,2019-07-17
ACTA-NO.149-DE-FECHA-23-DE-JULIO-2019.pdf,2019-07-23
ACTA-NO.150-DE-FECHA-24-DE-JULIO-2019.pdf,2019-07-24
ACTA-NO.151-DE-FECHA-16-DE-AGOSTO-2019.pdf,2019-08-16
ACTA-NO.152-DE-FECHA-27-DE-AGOSTO-2019.pdf,2019-08-27
ACTA-NO.153-DE-FECHA-03-DE-SEPTIEMBRE-2019.pdf,2019-09-03
ACTA-NO.155-DE-FECHA-17-DE-SEPTIEMBRE-2019.pdf,2019-09-17
ACTA-NO.156-DE-FECHA-09-DE-OCTUBRE-2019.pdf,2019-10-09
ACTA-NO.157-DE-FECHA-16-DE-OCTUBRE-2019.pdf,2019-10-16
ACTA-NO.158-DE-FECHA-23-DE-OCTUBRE-2019.pdf,2019-10-23
ACTA-NO.159-DE-FECHA-30-DE-OCTUBRE-2019.pdf,2019-10-30
ACTA-NO.160-DE-FECHA-06-DE-NOVIEMBRE-2019.pdf,2019-11-06
ACTA-NO.161-DE-FECHA-06-DE-NOVIEMBRE-2019-EXTRAORDINARIA.pdf,2019-11-06
ACTA-NO.162-DE-FECHA-13-DE-NOVIEMBRE-2019.pdf,2019-11-13
ACTA-NO.163-DE-FECHA-20-DE-NOVIEMBRE-2019.pdf,2019-11-20
ACTA-NO.164-DE-FECHA-26-DE-NOVIEMBRE-DE-2019.pdf,2019-11-26
ACTA-NO.165-DE-FECHA-04-DE-DICIEMBRE-2019.pdf,2019-12-04
ACTA-NO.166-DE-FECHA-10-DE-DICIEMBRE-2019.pdf,2019-12-10
ACTA-NO.167-DE-FECHA-12-DE-DICIEMBRE-DE-2019.pdf,2019-12-12
ACTA-NO.168-DE-FECHA-12-DE-DICIEMBRE-DE-2019-Extraordinaria.pdf,2019-12-12
ACTA-NO.169-DE-FECHA-20-DE-DICIEMBRE-2019-EXTRAORDINARIA.pdf,2019-12-20
ACTA-NO.170-DE-FECHA-20-DE-DICIEMBRE-2019-EXTRAORDINARIA.pdf,2019-12-20
ACTA-NO.171-DE-FECHA-22-DE-ENERO-2020-ORDINARIA.pdf,2020-01-22
ACTA-NO.172-DE-FECHA-28-DE-ENERO-2020.pdf,2020-01-28
ACTA-NO.174-DE-FECHA-04-DE-FEBRERO-DE-2020.pdf,2020-02-04
ACTA-NO.176-DE-FECHA-10-DE-FEBRERO-2020.pdf,2020-02-10
ACTA-NO.177-DE-FECHA-10-DE-FEBRERO-2020.pdf,2020-02-10
ACTA-NO.178-DE-FECHA-27-DE-FEBRERO-DE-2020.pdf,2020-02-27
ACTA-NO.179-DE-FECHA-04-DE-MARZO-DE-2020.pdf,2020-03-04
ACTA-NO.180-DE-FECHA-18-DE-MARZO-2020.pdf,2020-03-18
ACTA-NO.181-DE-FECHA-06-DE-ABRIL-2020.pdf,2020-04-06
ACTA-NO.182-DE-FECHA-11-DE-ABRIL-2020.pdf,2020-04-11
ACTA-NO.183-DE-FECHA-26-DE-ABRIL-2020.pdf,2020-04-26
ACTA-NO.184-DE-FECHA-29-DE-ABRIL-2020.pdf,2020-04-29
ACTA-NO.185-DE-FECHA-13-DE-MAYO-2020.pdf,2020-05-13
ACTA-NO.186-DE-FECHA-15-DE-MAYO-2020.pdf,2020-05-15
ACTA-NO.187-DE-FECHA-28-DE-MAYO-2020.pdf,2020-05-28
ACTA-NO.188-DE-FECHA-01-DE-JUNIO-2020.pdf,2020-06-01
ACTA-NO.189-DE-FECHA-09-DE-JUNIO-2020.pdf,2020-06-09
ACTA-NO.190-DE-FECHA-09-DE-JUNIO-2020.pdf,2020-06-09
ACTA-NO.192-DE-FECHA-13-DE-JUNIO-2020.pdf,2020-06-13
ACTA-NO.193-DE-FECHA-13-DE-JUNIO-2020.pdf,2020-06-13
ACTA-NO.194-DE-FECHA-19-DE-JULIO-2020.pdf,2020-07-19
ACTA-NO.195-DE-FECHA-21-DE-JULIO-2020.pdf,2020-07-21
ACTA-NO.196DE-FECHA-21-DE-JULIO-2020.pdf,2020-07-21
ACTA-NO.197-DE-FECHA-23-DE-JULIO-2020.pdf,2020-07-23
ACTA-NO.198-DE-FECHA-29-DE-JULIO-2020.pdf,2020-07-29
ACTA-NUM.-0001-DE-FECHA-16-DE-AGOSTO-2024.pdf,2024-08-16
ACTA-NUM.-00016-DE-FECHA-29-DE-OCTUBRE-2024.pdf,2024-10-29
ACTA-NUM.-0002-DE-FECHA-20-DE-AGOSTO-2024.pdf,2024-08-20
ACTA-NUM.-0003-DE-FECHA-28-DE-AGOSTO-2024.pdf,2024-08-28
ACTA-NUM.-0004-DE-FECHA-04-DE-SEPTIEMBRE-2024.pdf,2024-09-04
ACTA-NUM.-0005-DE-FECHA-4-DE-SEPTIEMBRE-2024-Ext.pdf,2024-09-04
ACTA-NUM.-0006-DE-FECHA-11-DE-SEPTIEMBRE-2024.pdf,2024-09-11
ACTA-NUM.-0007-DE-FECHA-18-DE-SEPTIEMBRE-2024.pdf,2024-09-18
ACTA-NUM.-0008-DE-FECHA-25-DE-SEPTIEMBRE-2024.pdf,2024-09-25
ACTA-NUM.-0009-DE-FECHA-27-DE-SEPTIEMBRE-2024.pdf,2024-09-27
ACTA-NUM.-0010-DE-FECHA-27-DE-SEPTIEMBRE-2024-EXT.pdf,2024-09-27
ACTA-NUM.-0011-DE-FECHA-02-DE-OCTUBRE-2024.pdf,2024-10-02
ACTA-NUM.-0012-DE-FECHA-10-DE-OCTUBRE-DE-2024.pdf,2024-10-10
ACTA-NUM.-0013-DE-FECHA-16-DE-OCTUBRE-2024.pdf,2024-10-16
ACTA-NUM.-0014-DE-FECHA-22-DE-OCTUBRE-2024.pdf,2024-10-22
ACTA-NUM.-0015-DE-FECHA-22-DE-OCTUBRE-2024-EXT.pdf,2024-10-22
ACTA-NUM.-0017-DE-FECHA-06-DE-NOVIEMBRE-2024.pdf,2024-11-06
ACTA-NUM.-0018-DE-FECHA-13-DE-NOVIEMBRE-2024.pdf,2024-11-13
ACTA-NUM.-0019-DE-FECHA-13-DE-NOVIEMBRE-2024-EXT.pdf,2024-11-13
ACTA-NUM.-0020-DE-FECHA-19-DE-NOVIEMBRE-2024.pdf,2024-11-19
ACTA-NUM.-0021-DE-FECHA-27-DE-NOVIEMBRE-2024.pdf,2024-11-27
ACTA-NUM.-0022-DE-FECHA-27-DE-NOVIEMBRE-2024-EXT.pdf,2024-11-27
ACTA-NUM.-0023-DE-FECHA-03-DE-DICIEMBRE-2024.pdf,2024-12-03
ACTA-NUM.-0024-DE-FECHA-05-DE-DICIEMBRE-2024.pdf,2024-12-05
ACTA-NUM.-0025-DE-FECHA-05-DE-DICIEMBRE-2024-EXT.pdf,2024-12-05
ACTA-NUM.-0026-DE-FECHA-09-DE-DICIEMBRE-2024-EXT.pdf,2024-12-09
ACTA-NUM.-0027-DE-FECHA-11-DE-DICIEMBRE-DE-2024.pdf,2024-12-11
ACTA-NUM.-0028-DE-FECHA-07-DE-ENERO-2025.pdf,2025-01-07
ACTA-NUM.-0029-DE-FECHA-07-DE-ENERO-2025-EXT.pdf,2025-01-07
ACTA-NUM.-0030-DE-FECHA-08-DE-ENERO-2025.pdf,2025-01-08
ACTA-NUM.-0032-DE-FECHA-10-DE-ENERO-DE-2025-EXT.pdf,2025-01-10
ACTA-NUM.-0033-DE-FECHA-27-DE-FEBRERO-2025.pdf,2025-02-27
ACTA-NUM.-0034-DE-FECHA-04-DE-MARZO-2025.pdf,2025-03-04
ACTA-NUM.-0035-DE-FECHA-11-DE-MARZO-2025.pdf,2025-03-11
ACTA-NUM.-0036-DE-FECHA-13-DE-MARZO-2025.pdf,2025-03-13
ACTA-NUM.-0037-DE-FECHA-18-DE-MARZO-DE-2025.pdf,2025-03-18
ACTA-NUM.-0038-DE-FECHA-20-DE-MARZO-2025.-Comision-General-INTRANT.pdf,2025-03-20
ACTA-NUM.-0039-DE-FECHA-25-DE-MARZO-2025.pdf,2025-03-25
ACTA-NUM.-0040-DE-FECHA-27-DE-MARZO-2025.-Comision-General-JCE.pdf,2025-03-27
ACTA-NUM.-0041-DE-FECHA-01-DE-ABRIL-2025.pdf,2025-04-01
ACTA-NUM.-0042-DE-FECHA-22-DE-ABRIL-2025.pdf,2025-04-22
ACTA-NUM.-0043-DE-FECHA-29-DE-ABRIL-2025.pdf,2025-04-29
ACTA-NUM.-0044-DE-FECHA-02-DE-MAYO-2025-Espaillat.pdf,2025-05-02
ACTA-NUM.-0045-DE-FECHA-06-DE-MAYO-DE-2025.pdf,2025-05-06
ACTA-NUM.-0046-DE-FECHA-13-DE-MAYO-2025.pdf,2025-05-13
ACTA-NUM.-0047-DE-FECHA-20-DE-MAYO-2025.pdf,2025-05-20
ACTA-NUM.-0048-DE-FECHA-22-DE-MAYO-2025.pdf,2025-05-22
ACTA-NUM.-0049-DE-FECHA-22-DE-MAYO-2025-Ext.pdf,2025-05-22
ACTA-NUM.-0050-DE-FECHA-27-DE-MAYO-2025.pdf,2025-05-27
ACTA-NUM.-0051-DE-FECHA-03-DE-JUNIO-2025.pdf,2025-06-03
ACTA-NUM.-0052-DE-FECHA-05-DE-JUNIO-2025.pdf,2025-06-05
ACTA-NUM.-0053-DE-FECHA-10-DE-JUNIO-2025.pdf,2025-06-10
ACTA-NUM.-0054-DE-FECHA-12-DE-JUNIO-2025.pdf,2025-06-12
ACTA-NUM.-0055-DE-FECHA-17-DE-JUNIO-2025.pdf,2025-06-17
ACTA-NUM.-0056-DE-FECHA-24-DE-JUNIO-DE-2025.pdf,2025-06-24
ACTA-NUM.-0057-DE-FECHA-01-DE-JULIO-2025.pdf,2025-07-01
ACTA-NUM.-0058-DE-FECHA-08-DE-JULIO-2025.pdf,2025-07-08
ACTA-NUM.-0059-DE-FECHA-10-DE-JULIO-2025.pdf,2025-07-10
ACTA-NUM.-0060-DE-FECHA-15-DE-JULIO-2025.pdf,2025-07-15
ACTA-NUM.-0061-DE-FECHA-17-DE-JULIO-2025.pdf,2025-07-17
ACTA-NUM.-0062-DE-FECHA-18-DE-JULIO-2025.pdf,2025-07-18
ACTA-NUM.-0063-DE-FECHA-21-DE-JULIO-2025.pdf,2025-07-21
ACTA-NUM.-0064-DE-FECHA-22-DE-JULIO-2025.pdf,2025-07-22
ACTA-NUM.-0075-DE-FECHA-28-DE-SEPTIEMBRE-DE-2021.pdf,2021-09-28
ACTA-NUM.-0076-DE-FECHA-05-DE-OCTUBRE-DE-2021.pdf,2021-10-05
ACTA-NUM.-0077-DE-FECHA-14-DE-OCTUBRE-DE-2021-COMPARECENCIA.pdf,2021-10-14
ACTA-NUM.-0078-DE-FECHA-19-DE-OCTUBRE-DE-2021.pdf,2021-10-19
ACTA-NUM.-0079-DE-FECHA-20-DE-OCTUBRE-DE-2021.pdf,2021-10-20
ACTA-NUM.-0080-DE-FECHA-26-DE-OCTUBRE-DE-2021.pdf,2021-10-26
ACTA-NUM.-0081-DE-FECHA-02-DE-NOVIEMBRE-2021.pdf,2021-11-02
ACTA-NUM.-0082-DE-FECHA-06-DE-NOVIEMBRE-2021.pdf,2021-11-06
ACTA-NUM.-0083-DE-FECHA-09-DE-NOVIEMBRE-2021.pdf,2021-11-09
ACTA-NUM.-0084-DE-FECHA-16-DE-NOVIEMBE-DE-2021.pdf,SIN_FECHA
ACTA-NUM.-0085-DE-FECHA-18-DE-NOVIEMBRE-2021.pdf,2021-11-18
ACTA-NUM.-0086-DE-FECHA-23-DE-NOVIEMBRE-DE-2021.pdf,2021-11-23
ACTA-NUM.-0087-DE-FECHA-25-DE-NOVIEMBRE-2021.pdf,2021-11-25
ACTA-NUM.-0088-DE-FECHA-30-DE-NOVIEMBRE-DE-2021.pdf,2021-11-30
ACTA-NUM.-0089-DE-FECHA-02-DE-DICIEMBRE-2021.pdf,2021-12-02
ACTA-NUM.-0090-DE-FECHA-02-DE-DICIEMBRE-2021-EXTRAORDINARIA.pdf,2021-12-02
ACTA-NUM.-0091-DE-FECHA-07-DE-DICIEMBRE-DE-2021.pdf,2021-12-07
ACTA-NUM.-0092-DE-FECHA-09-DE-DICIEMBRE-2021.pdf,2021-12-09
ACTA-NUM.-0093-DE-FECHA-13-DE-DICIEMBRE-DE-2021.pdf,2021-12-13
ACTA-NUM.-0094-DE-FECHA-13-DE-DICIEMBRE-2021-EXTRAORDINARIA.pdf,2021-12-13
ACTA-NUM.-0095-DE-FECHA-15-DE-DICIEMBRE-2021.pdf,2021-12-15
ACTA-NUM.-0096-DE-FECHA-15-DE-DICIEMBRE-2021-EXTRAORDINARIA (1).pdf,2021-12-15
ACTA-NUM.-0096-DE-FECHA-15-DE-DICIEMBRE-2021-EXTRAORDINARIA.pdf,2021-12-15
ACTA-NUM.-0097-DE-FECHA-05-DE-ENERO-20222.pdf,2022-01-05
ACTA-NUM.-0098-DE-FECHA-11-DE-ENERO-2022.pdf,2022-01-11
ACTA-NUM.-0099-DE-FECHA-12-DE-ENERO-2022.pdf,2022-01-12
ACTA-NUM.-0101-DE-FECHA-02-DE-MARZO-2022.pdf,2022-03-02
ACTA-NUM.-0102-DE-FECHA-09-DE-MARZO-2022.pdf,2022-03-09
ACTA-NUM.-0103-DE-FECHA-16-DE-MARZO-DE-2022-COMPARECENCIA.pdf,2022-03-16
ACTA-NUM.-0104-DE-FECHA-24-DE-MARZO-2022.pdf,2022-03-24
ACTA-NUM.-0105-DE-FECHA-31-DE-MARZO-2022.pdf,2022-03-31
ACTA-NUM.-0106-DE-FECHA-06-DE-ABRIL-2022.pdf,2022-04-06
ACTA-NUM.-0107-DE-FECHA-06-DE-MIERCOLES-2022-EXTRAORDINARIA.pdf,SIN_FECHA
ACTA-NUM.-0108-DE-FECHA-20-DE-ABRIL-2022.pdf,2022-04-20
ACTA-NUM.-0109-DE-FECHA-26-DE-ABRIL-2022.pdf,2022-04-26
ACTA-NUM.-0110-DE-FECHA-04-DE-MAYO-2022.pdf,2022-05-04
ACTA-NUM.-0111-DE-FECHA-10-DE-MAYO-2022.pdf,2022-05-10
ACTA-NUM.-0112-DE-FECHA-17-DE-MAYO-2022.pdf,2022-05-17
ACTA-NUM.-0113-DE-FECHA-25-DE-MAYO-2022.pdf,2022-05-25
ACTA-NUM.-0114-DE-FECHA-01-DE-JUNIO-2022.pdf,2022-06-01
ACTA-NUM.-0115-DE-FECHA-14-DE-JUNIO-2022.pdf,2022-06-14
ACTA-NUM.-0116-DE-FECHA-14-DE-JUNIO-2022.pdf,2022-06-14
ACTA-NUM.-0117-DE-FECHA-22-DE-JUNIO-2022.pdf,2022-06-22
ACTA-NUM.-0118-DE-FECHA-29-DE-JUNIO-2022.pdf,2022-06-29
ACTA-NUM.-0119-DE-FECHA-06-DE-JULIO-2022.pdf,2022-07-06
ACTA-NUM.-0120-DE-FECHA-12-DE-JULIO-2022.pdf,2022-07-12
ACTA-NUM.-0121-DE-FECHA-14-DE-JULIO-2022.pdf,2022-07-14
ACTA-NUM.-0122-DE-FECHA-20-DE-JULIO-DE-2022.pdf,2022-07-20
ACTA-NUM.-0123-DE-FECHA-20-DE-JULIO-2022-EXTRAORDINARIA.pdf,2022-07-20
ACTA-NUM.-0124-DE-FECHA-25-DE-JULIO-2022.pdf,2022-07-25
ACTA-NUM.-0125-DE-FECHA-25-DE-JULIO-2022-EXTRAORDINARIA.pdf,2022-07-25
ACTA-NUM.-0126-DE-FECHA-26-DE-JULIO-2022.pdf,2022-07-26
ACTA-NUM.-0127-DE-FECHA-16-DE-AGOSTO-2022.pdf,2022-08-16
ACTA-NUM.-0128-DE-FECHA-24-DE-AGOSTO-2022.pdf,2022-08-24
ACTA-NUM.-0129-DE-FECHA-31-DE-AGOSTO-2022.pdf,2022-08-31
ACTA-NUM.-0130-DE-FECHA-07-DE-SEPTIEMBRE-2022.pdf,2022-09-07
ACTA-NUM.-0131-DE-FECHA-13-DE-SEPTIEMBRE-2022.pdf,2022-09-13
ACTA-NUM.-0132-DE-FECHA-22-DE-SEPTIEMBRE-2022.pdf,2022-09-22
ACTA-NUM.-0133-DE-FECHA-28-DE-SEPTIEMBRE-2022.pdf,2022-09-28
ACTA-NUM.-0134-DE-FECHA-28-DE-SEPTIEMBRE-2022-EXTRAORDINARIA.pdf,2022-09-28
ACTA-NUM.-0135-DE-FECHA-05-DE-OCTUBRE-2022.pdf,2022-10-05
ACTA-NUM.-0136-DE-FECHA-12-DE-OCTUBRE-DE-2022.pdf,2022-10-12
ACTA-NUM.-0137-DE-FECHA-19-DE-OCTUBRE-2022.pdf,2022-10-19
ACTA-NUM.-0138-DE-FECHA-26-DE-OCTUBRE-2022.pdf,2022-10-26
ACTA-NUM.-0139-DE-FECHA-01-DE-NOVIEMBRE-2022.pdf,2022-11-01
ACTA-NUM.-0140-DE-FECHA-08-DE-NOVIEMBRE-2022.pdf,2022-11-08
ACTA-NUM.-0141-DE-FECHA-15-DE-NOVIEMBRE-2022.pdf,2022-11-15
ACTA-NUM.-0142-DE-FECHA-23-DE-NOVIEMBRE-2022.pdf,2022-11-23
ACTA-NUM.-0143-DE-FECHA-25-DE-NOVIEMBRE-2022.pdf,2022-11-25
ACTA-NUM.-0144-DE-FECHA-30-DE-NOVIEMBRE-2022.pdf,2022-11-30
ACTA-NUM.-0145-DE-FECHA-07-DE-DICIEMBRE-2022.pdf,2022-12-07
ACTA-NUM.-0146-DE-FECHA-07-DE-DICIEMBRE-2022-EXTRAORDINARIA (1).pdf,2022-12-07
ACTA-NUM.-0146-DE-FECHA-07-DE-DICIEMBRE-2022-EXTRAORDINARIA.pdf,2022-12-07
ACTA-NUM.-0147-DE-FECHA-13-DE-DICIEMBRE-2022.pdf,2022-12-13
ACTA-NUM.-0148-DE-FECHA-13-DE-DICIEMBRE-2022-EXTRAORDINARIA.pdf,2022-12-13
ACTA-NUM.-0149-DE-FECHA-20-DE-DICIEMBRE-2022.pdf,2022-12-20
ACTA-NUM.-0150-DE-FECHA-20-DE-DICIEMBRE-2022.pdf,2022-12-20
ACTA-NUM.-0151-DE-FECHA-10-DE-ENERO-2023.pdf,2023-01-10
ACTA-NUM.-0152-DE-FECHA-12-DE-ENERO-2023.pdf,2023-01-12
ACTA-NUM.-0153-DE-FECHA-18-DE-ENERO-2023.pdf,2023-01-18
ACTA-NUM.-0154-DE-FECHA-24-DE-ENERO-2023.pdf,2023-01-24
ACTA-NUM.-0155-DE-FECHA-01-DE-FEBRERO-2023.pdf,2023-02-01
ACTA-NUM.-0156-DE-FECHA-08-DE-FEBRERO-2023.pdf,2023-02-08
ACTA-NUM.-0157-DE-FECHA-14-DE-FEBRERO-2023.pdf,2023-02-14
ACTA-NUM.-0158-DE-FECHA-27-DE-FEBRERO-2023.pdf,2023-02-27
ACTA-NUM.-0159-DE-FECHA-07-DE-MARZO-2023.pdf,2023-03-07
ACTA-NUM.-0160-DE-FECHA-15-DE-MARZO-2023.pdf,2023-03-15
ACTA-NUM.-0161-DE-FECHA-22-DE-MARZO-2023.pdf,2023-03-22
ACTA-NUM.-0162-DE-FECHA-28-DE-MARZO-2023.pdf,2023-03-28
ACTA-NUM.-0163-DE-FECHA-11-DE-ABRIL-2023.pdf,2023-04-11
ACTA-NUM.-0164-DE-FECHA-19-DE-ABRIL-2023.pdf,2023-04-19
ACTA-NUM.-0165-DE-FECHA-25-DE-ABRIL-2023.pdf,2023-04-25
ACTA-NUM.-0166-DE-FECHA-03-DE-MAYO-2023.pdf,2023-05-03
ACTA-NUM.-0167-DE-FECHA-03-DE-MAYO-2023.pdf,2023-05-03
ACTA-NUM.-0168-DE-FECHA-09-DE-MAYO-2023.pdf,2023-05-09
ACTA-NUM.-0169-DE-FECHA-24-DE-MAYO-2023.pdf,2023-05-24
ACTA-NUM.-0170-DE-FECHA-30-DE-MAYO-2023.pdf,2023-05-30
ACTA-NUM.-0171-DE-FECHA-07-DE-JUNIO-2023.pdf,2023-06-07
ACTA-NUM.-0172-DE-FECHA-16-DE-JUNIO-2023.pdf,2023-06-16
ACTA-NUM.-0173-DE-FECHA-21-DE-JUNIO-2023.pdf,2023-06-21
ACTA-NUM.-0174-DE-FECHA-28-DE-JUNIO-2023.pdf,2023-06-28
ACTA-NUM.-0175-DE-FECHA-05-DE-JULIO-2023.pdf,2023-07-05
ACTA-NUM.-0176-DE-FECHA-12-DE-JULIO-2023.pdf,2023-07-12
ACTA-NUM.-0177-DE-FECHA-18-DE-JULIO-2023.pdf,2023-07-18
ACTA-NUM.-0178-DE-FECHA-24-DE-JULIO-2023.pdf,2023-07-24
ACTA-NUM.-0179-DE-FECHA-26-DE-JULIO-2023.pdf,2023-07-26
ACTA-NUM.-0180-DE-FECHA-02-DE-AGOSTO-2023.pdf,2023-08-02
ACTA-NUM.-0181-DE-FECHA-08-DE-AGOSTO-2023.pdf,2023-08-08
ACTA-NUM.-0182-DE-FECHA-16-DE-AGOSTO-2023.pdf,2023-08-16
ACTA-NUM.-0183-DE-FECHA-25-DE-AGOSTO-2023.pdf,2023-08-25
ACTA-NUM.-0184-DE-FECHA-29-DE-AGOSTO-2023.pdf,2023-08-29
ACTA-NUM.-0185-DE-FECHA-29-DE-AGOSTO-2023.pdf,2023-08-29
ACTA-NUM.-0186-DE-FECHA-08-DE-SEPTIEMBRE-2023.pdf,2023-09-08
ACTA-NUM.-0187-DE-FECHA-13-DE-SEPTIEMBRE-2023.pdf,2023-09-13
ACTA-NUM.-0188-DE-FECHA-20-DE-SEPTIEMBRE-2023.pdf,2023-09-20
ACTA-NUM.-0189-DE-FECHA-26-DE-SEPTIEMBRE-2023.pdf,2023-09-26
ACTA-NUM.-0190-DE-FECHA-28-DE-SEPTIEMBRE-2023.pdf,2023-09-28
ACTA-NUM.-0191-DE-FECHA-04-DE-OCTUBRE-2023.pdf,2023-10-04
ACTA-NUM.-0192-DE-FECHA-11-DE-OCTUBRE-2023.pdf,2023-10-11
ACTA-NUM.-0193-DE-FECHA-18-DE-OCTUBRE-2023.pdf,2023-10-18
ACTA-NUM.-0194-DE-FECHA-18-DE-OCTUBRE-2023-EXTRAORDINARIA.pdf,2023-10-18
ACTA-NUM.-0195-DE-FECHA-24-DE-OCTUBRE-2023.pdf,2023-10-24
ACTA-NUM.-0197-DE-FECHA-31-DE-OCTUBRE-2023.pdf,2023-10-31
ACTA-NUM.-0198-DE-FECHA-07-DE-NOVIEMBRE-2023.pdf,2023-11-07
ACTA-NUM.-0199-DE-FECHA-14-DE-NOVIEMBRE-2023.pdf,2023-11-14
ACTA-NUM.-0200-DE-FECHA-22-DE-NOVIEMBRE-2023.pdf,2023-11-22
ACTA-NUM.-0201-DE-FECHA-28-DE-NOVIEMBRE-2023.pdf,2023-11-28
ACTA-NUM.-0202-DE-FECHA-05-DE-DICIEMBRE-2023.pdf,2023-12-05
ACTA-NUM.-0203-DE-FECHA-12-DE-DICIEMBRE-2023.pdf,2023-12-12
ACTA-NUM.-0204-DE-FECHA-18-DE-DICIEMBRE-2023.pdf,2023-12-18
ACTA-NUM.-0205-DE-FECHA-20-DE-DICIEMBRE-2023.pdf,2023-12-20
ACTA-NUM.-0206-DE-FECHA-08-DE-ENERO-2024.pdf,2024-01-08
ACTA-NUM.-0207-DE-FECHA-10-DE-ENERO-2024.pdf,2024-01-10
ACTA-NUM.-0208-DE-FECHA-10-DE-ENERO-2024-EXTRAORDINARIA.pdf,2024-01-10
ACTA-NUM.-0210-DE-FECHA-28-DE-FEBRERO-2024.pdf,2024-02-28
ACTA-NUM.-0211-DE-FECHA-07-DE-MARZO-2024.pdf,2024-03-07
ACTA-NUM.-0212-DE-FECHA-19-DE-MARZO-2024.pdf,2024-03-19
ACTA-NUM.-0213-DE-FECHA-20-DE-MARZO-2024.pdf,2024-03-20
ACTA-NUM.-0214-DE-FECHA-09-DE-ABRIL-2024.pdf,2024-04-09
ACTA-NUM.-0215-DE-FECHA-16-DE-ABRIL-2024.pdf,2024-04-16
ACTA-NUM.-0216-DE-FECHA-23-DE-ABRIL-2024.pdf,2024-04-23
ACTA-NUM.-0217-DE-FECHA-30-DE-ABRIL-2024.pdf,2024-04-30
ACTA-NUM.-0218-DE-FECHA-28-DE-MAYO-2024.pdf,2024-05-28
ACTA-NUM.-0219-DE-FECHA-12-DE-JUNIO-2024.pdf,2024-06-12
ACTA-NUM.-0220-DE-FECHA-19-DE-JUNIO-2024.pdf,2024-06-19
ACTA-NUM.-0221-DE-FECHA-25-DE-JUNIO-2024.pdf,2024-06-25
ACTA-NUM.-0222-DE-FECHA-03-DE-JULIO-2024.pdf,2024-07-03
ACTA-NUM.-0223-DE-FECHA-09-DE-JULIO-2024.pdf,2024-07-09
ACTA-NUM.-0224-DE-FECHA-09-DE-JULIO-2024-Ext.pdf,2024-07-09
ACTA-NUM.-0225-DE-FECHA-16-DE-JULIO-2024.pdf,2024-07-16
ACTA-NUM.-0226-DE-FECHA-17-DE-JULIO-2024.pdf,2024-07-17
ACTA-NUM.-0227-DE-FECHA-17-DE-JULIO-2024-Ext.pdf,2024-07-17
ACTA-NUM.-0228-DE-FECHA-18-DE-JULIO-2024.pdf,2024-07-18
ACTA-NUM.-0229-DE-FECHA-23-DE-JULIO-2024.pdf,2024-07-23
ACTA-NUM.-0230-DE-FECHA-25-DE-JULIO-2024.pdf,2024-07-25
ACTA-NUM.-0231-DE-FECHA-25-DE-JULIO-2024-Ext.pdf,2024-07-25
